-- phpMyAdmin SQL Dump
-- version 5.2.1
-- https://www.phpmyadmin.net/
--
-- Host: localhost:3306
-- Generation Time: Oct 22, 2024 at 01:39 PM
-- Server version: 10.6.19-MariaDB
-- PHP Version: 8.3.12

SET SQL_MODE = "NO_AUTO_VALUE_ON_ZERO";
START TRANSACTION;
SET time_zone = "+00:00";


/*!40101 SET @OLD_CHARACTER_SET_CLIENT=@@CHARACTER_SET_CLIENT */;
/*!40101 SET @OLD_CHARACTER_SET_RESULTS=@@CHARACTER_SET_RESULTS */;
/*!40101 SET @OLD_COLLATION_CONNECTION=@@COLLATION_CONNECTION */;
/*!40101 SET NAMES utf8mb4 */;

--
-- Database: `freshhubca_freshhub`
--

-- --------------------------------------------------------

--
-- Table structure for table `accounts`
--

CREATE TABLE `accounts` (
  `id` int(11) NOT NULL,
  `user_id` int(11) NOT NULL,
  `credit` decimal(5,2) NOT NULL DEFAULT 0.00,
  `debit` decimal(5,2) NOT NULL DEFAULT 0.00,
  `created_at` datetime NOT NULL,
  `updated_at` datetime NOT NULL
) ENGINE=InnoDB DEFAULT CHARSET=utf8mb4 COLLATE=utf8mb4_unicode_ci;

--
-- Dumping data for table `accounts`
--

INSERT INTO `accounts` (`id`, `user_id`, `credit`, `debit`, `created_at`, `updated_at`) VALUES
(1, 115, 0.00, 0.00, '2022-03-15 08:19:43', '2022-03-15 08:19:43'),
(2, 116, 0.00, 0.00, '2022-03-16 04:06:48', '2022-03-16 04:06:48'),
(3, 118, 0.00, 0.00, '2022-03-16 04:24:41', '2022-03-16 04:24:41'),
(4, 120, 0.00, 0.00, '2023-03-24 12:01:25', '2023-03-24 12:01:25'),
(5, 121, 0.00, 0.00, '2023-03-29 08:31:26', '2023-03-29 08:31:26'),
(6, 123, 0.00, 0.00, '2023-03-30 12:07:40', '2023-03-30 12:07:40'),
(7, 124, 0.00, 0.00, '2023-04-19 13:26:39', '2023-04-19 13:26:39'),
(8, 125, 0.00, 0.00, '2023-04-19 13:30:17', '2023-04-19 13:30:17'),
(9, 126, 0.00, 0.00, '2023-04-19 13:33:17', '2023-04-19 13:33:17'),
(10, 127, 0.00, 0.00, '2023-04-19 13:44:57', '2023-04-19 13:44:57'),
(11, 128, 0.00, 0.00, '2023-04-19 14:03:40', '2023-04-19 14:03:40'),
(12, 129, 0.00, 0.00, '2023-04-19 14:12:32', '2023-04-19 14:12:32'),
(13, 130, 0.00, 0.00, '2023-04-19 14:22:07', '2023-04-19 14:22:07'),
(14, 131, 0.00, 0.00, '2023-04-26 11:58:32', '2023-04-26 11:58:32'),
(15, 132, 0.00, 0.00, '2023-04-26 12:02:34', '2023-04-26 12:02:34'),
(16, 133, 0.00, 0.00, '2023-04-26 12:04:25', '2023-04-26 12:04:25'),
(17, 134, 0.00, 0.00, '2023-04-26 12:07:54', '2023-04-26 12:07:54'),
(18, 135, 0.00, 0.00, '2023-04-26 12:10:46', '2023-04-26 12:10:46'),
(19, 136, 0.00, 0.00, '2023-05-04 10:25:57', '2023-05-04 10:25:57'),
(20, 137, 0.00, 0.00, '2023-05-04 10:30:44', '2023-05-04 10:30:44'),
(21, 138, 0.00, 0.00, '2023-05-04 10:38:09', '2023-05-04 10:38:09'),
(22, 139, 0.00, 0.00, '2023-05-04 10:40:29', '2023-05-04 10:40:29'),
(23, 140, 0.00, 0.00, '2023-05-04 10:42:52', '2023-05-04 10:42:52'),
(24, 141, 0.00, 0.00, '2023-05-04 10:44:23', '2023-05-04 10:44:23'),
(25, 142, 0.00, 0.00, '2023-05-16 13:31:04', '2023-05-16 13:31:04'),
(26, 143, 0.00, 0.00, '2023-05-16 13:33:03', '2023-05-16 13:33:03'),
(27, 144, 0.00, 0.00, '2023-05-16 13:35:24', '2023-05-16 13:35:24'),
(28, 145, 0.00, 0.00, '2023-05-16 13:37:29', '2023-05-16 13:37:29'),
(29, 146, 0.00, 0.00, '2023-05-16 13:40:14', '2023-05-16 13:40:14'),
(30, 147, 0.00, 0.00, '2023-05-16 13:41:50', '2023-05-16 13:41:50'),
(31, 148, 0.00, 0.00, '2023-05-16 13:45:45', '2023-05-16 13:45:45'),
(32, 149, 0.00, 0.00, '2023-05-16 13:48:01', '2023-05-16 13:48:01'),
(33, 150, 0.00, 0.00, '2023-05-16 13:50:16', '2023-05-16 13:50:16'),
(34, 151, 0.00, 0.00, '2023-05-16 13:54:25', '2023-05-16 13:54:25'),
(35, 152, 0.00, 0.00, '2023-05-16 14:07:18', '2023-05-16 14:07:18'),
(36, 153, 0.00, 0.00, '2023-05-16 14:09:27', '2023-05-16 14:09:27'),
(37, 154, 0.00, 0.00, '2023-05-16 14:12:09', '2023-05-16 14:12:09'),
(38, 155, 0.00, 0.00, '2023-05-16 14:13:49', '2023-05-16 14:13:49'),
(39, 156, 0.00, 0.00, '2023-05-16 14:16:07', '2023-05-16 14:16:07'),
(40, 157, 0.00, 0.00, '2023-05-16 14:32:51', '2023-05-16 14:32:51'),
(41, 158, 0.00, 0.00, '2023-05-16 14:38:18', '2023-05-16 14:38:18'),
(42, 159, 0.00, 0.00, '2023-05-16 14:39:52', '2023-05-16 14:39:52'),
(43, 160, 0.00, 0.00, '2023-05-16 14:43:21', '2023-05-16 14:43:21'),
(44, 161, 0.00, 0.00, '2023-05-16 14:45:28', '2023-05-16 14:45:28'),
(45, 162, 0.00, 0.00, '2023-05-16 14:46:56', '2023-05-16 14:46:56'),
(46, 163, 0.00, 0.00, '2023-05-16 14:48:32', '2023-05-16 14:48:32'),
(47, 164, 0.00, 0.00, '2023-05-16 15:02:48', '2023-05-16 15:02:48'),
(48, 165, 0.00, 0.00, '2023-05-18 08:41:55', '2023-05-18 08:41:55'),
(49, 166, 0.00, 0.00, '2023-05-18 08:57:20', '2023-05-18 08:57:20'),
(50, 167, 0.00, 0.00, '2023-05-19 13:51:46', '2023-05-19 13:51:46'),
(51, 168, 0.00, 0.00, '2023-05-19 13:57:20', '2023-05-19 13:57:20'),
(52, 169, 0.00, 0.00, '2023-05-19 13:59:44', '2023-05-19 13:59:44'),
(53, 170, 0.00, 0.00, '2023-05-19 14:01:38', '2023-05-19 14:01:38'),
(54, 171, 0.00, 0.00, '2023-05-19 14:03:54', '2023-05-19 14:03:54'),
(55, 172, 0.00, 0.00, '2023-05-19 14:05:45', '2023-05-19 14:05:45'),
(56, 173, 0.00, 0.00, '2023-05-19 14:08:06', '2023-05-19 14:08:06'),
(57, 174, 0.00, 0.00, '2023-05-19 14:12:20', '2023-05-19 14:12:20'),
(58, 175, 0.00, 0.00, '2023-05-19 14:14:57', '2023-05-19 14:14:57'),
(59, 176, 0.00, 0.00, '2023-05-19 14:16:48', '2023-05-19 14:16:48'),
(60, 177, 0.00, 0.00, '2023-05-19 14:20:09', '2023-05-19 14:20:09'),
(61, 178, 0.00, 0.00, '2023-05-19 14:22:11', '2023-05-19 14:22:11'),
(62, 179, 0.00, 0.00, '2023-05-19 14:26:48', '2023-05-19 14:26:48'),
(63, 180, 0.00, 0.00, '2023-05-19 14:29:23', '2023-05-19 14:29:23'),
(64, 181, 0.00, 0.00, '2023-05-19 14:31:25', '2023-05-19 14:31:25'),
(65, 182, 0.00, 0.00, '2023-05-19 14:32:59', '2023-05-19 14:32:59'),
(66, 183, 0.00, 0.00, '2023-05-19 14:36:01', '2023-05-19 14:36:01'),
(67, 184, 0.00, 0.00, '2023-05-19 14:38:28', '2023-05-19 14:38:28'),
(68, 185, 0.00, 0.00, '2023-05-19 14:40:46', '2023-05-19 14:40:46'),
(69, 186, 0.00, 0.00, '2023-05-19 14:44:00', '2023-05-19 14:44:00'),
(70, 187, 0.00, 0.00, '2023-05-19 14:48:15', '2023-05-19 14:48:15'),
(71, 188, 0.00, 0.00, '2023-05-19 14:49:54', '2023-05-19 14:49:54'),
(72, 189, 0.00, 0.00, '2023-05-23 13:21:25', '2023-05-23 13:21:25'),
(73, 190, 0.00, 0.00, '2023-05-23 13:23:00', '2023-05-23 13:23:00'),
(74, 191, 0.00, 0.00, '2023-05-23 13:33:08', '2023-05-23 13:33:08'),
(75, 192, 0.00, 0.00, '2023-05-23 13:34:55', '2023-05-23 13:34:55'),
(76, 193, 0.00, 0.00, '2023-05-23 13:37:07', '2023-05-23 13:37:07'),
(77, 194, 0.00, 0.00, '2023-05-23 13:39:17', '2023-05-23 13:39:17'),
(78, 195, 0.00, 0.00, '2023-05-24 11:46:16', '2023-05-24 11:46:16'),
(79, 196, 0.00, 0.00, '2023-05-24 12:00:34', '2023-05-24 12:00:34'),
(80, 197, 0.00, 0.00, '2023-05-24 12:02:36', '2023-05-24 12:02:36'),
(81, 198, 0.00, 0.00, '2023-05-24 12:05:02', '2023-05-24 12:05:02'),
(82, 199, 0.00, 0.00, '2023-05-24 12:07:41', '2023-05-24 12:07:41'),
(83, 200, 0.00, 0.00, '2023-05-24 12:12:38', '2023-05-24 12:12:38'),
(84, 201, 0.00, 0.00, '2023-05-24 13:17:52', '2023-05-24 13:17:52'),
(85, 202, 0.00, 0.00, '2023-05-24 13:19:48', '2023-05-24 13:19:48'),
(86, 203, 0.00, 0.00, '2023-05-24 13:22:00', '2023-05-24 13:22:00'),
(87, 204, 0.00, 0.00, '2023-05-24 13:23:36', '2023-05-24 13:23:36'),
(88, 205, 0.00, 0.00, '2023-05-24 13:25:07', '2023-05-24 13:25:07'),
(89, 206, 0.00, 0.00, '2023-05-24 13:28:15', '2023-05-24 13:28:15'),
(90, 207, 0.00, 0.00, '2023-05-24 13:30:01', '2023-05-24 13:30:01'),
(91, 208, 0.00, 0.00, '2023-05-24 13:31:47', '2023-05-24 13:31:47'),
(92, 209, 0.00, 0.00, '2023-05-24 13:33:07', '2023-05-24 13:33:07'),
(93, 210, 0.00, 0.00, '2023-05-24 13:35:43', '2023-05-24 13:35:43'),
(94, 211, 0.00, 0.00, '2023-05-24 13:41:53', '2023-05-24 13:41:53'),
(95, 212, 0.00, 0.00, '2023-05-24 13:43:24', '2023-05-24 13:43:24'),
(96, 213, 0.00, 0.00, '2023-05-25 11:28:07', '2023-05-25 11:28:07'),
(97, 214, 0.00, 0.00, '2023-05-25 11:30:52', '2023-05-25 11:30:52'),
(98, 215, 0.00, 0.00, '2023-05-25 11:33:50', '2023-05-25 11:33:50'),
(99, 216, 0.00, 0.00, '2023-05-25 11:35:38', '2023-05-25 11:35:38'),
(100, 217, 0.00, 0.00, '2023-05-26 10:11:19', '2023-05-26 10:11:19'),
(101, 218, 0.00, 0.00, '2023-05-26 10:13:57', '2023-05-26 10:13:57'),
(102, 219, 0.00, 0.00, '2023-05-26 10:17:18', '2023-05-26 10:17:18'),
(103, 220, 0.00, 0.00, '2023-05-26 10:19:25', '2023-05-26 10:19:25'),
(104, 221, 0.00, 0.00, '2023-05-26 10:22:10', '2023-05-26 10:22:10'),
(105, 222, 0.00, 0.00, '2023-05-26 10:24:02', '2023-05-26 10:24:02'),
(106, 223, 0.00, 0.00, '2023-05-26 10:26:13', '2023-05-26 10:26:13'),
(107, 224, 0.00, 0.00, '2023-05-26 10:31:30', '2023-05-26 10:31:30'),
(108, 225, 0.00, 0.00, '2023-05-26 10:33:25', '2023-05-26 10:33:25'),
(109, 226, 0.00, 0.00, '2023-05-26 10:35:45', '2023-05-26 10:35:45'),
(110, 227, 0.00, 0.00, '2023-05-26 10:44:46', '2023-05-26 10:44:46'),
(111, 228, 0.00, 0.00, '2023-05-26 11:14:22', '2023-05-26 11:14:22'),
(112, 229, 0.00, 0.00, '2023-05-26 11:16:43', '2023-05-26 11:16:43'),
(113, 230, 0.00, 0.00, '2023-05-26 11:21:02', '2023-05-26 11:21:02'),
(114, 231, 0.00, 0.00, '2023-05-26 11:25:42', '2023-05-26 11:25:42'),
(115, 232, 0.00, 0.00, '2023-05-26 11:35:51', '2023-05-26 11:35:51'),
(116, 233, 0.00, 0.00, '2023-05-30 12:20:32', '2023-05-30 12:20:32'),
(117, 234, 0.00, 0.00, '2023-05-30 12:50:49', '2023-05-30 12:50:49'),
(118, 235, 0.00, 0.00, '2023-05-30 12:55:01', '2023-05-30 12:55:01'),
(119, 236, 0.00, 0.00, '2023-05-30 12:56:52', '2023-05-30 12:56:52'),
(120, 237, 0.00, 0.00, '2023-05-30 13:02:07', '2023-05-30 13:02:07'),
(121, 238, 0.00, 0.00, '2023-05-31 13:32:17', '2023-05-31 13:32:17'),
(122, 239, 0.00, 0.00, '2023-05-31 13:47:34', '2023-05-31 13:47:34'),
(123, 240, 0.00, 0.00, '2023-05-31 13:57:09', '2023-05-31 13:57:09'),
(124, 241, 0.00, 0.00, '2023-05-31 14:02:02', '2023-05-31 14:02:02'),
(125, 242, 0.00, 0.00, '2023-05-31 14:09:03', '2023-05-31 14:09:03'),
(126, 243, 0.00, 0.00, '2023-05-31 14:13:03', '2023-05-31 14:13:03'),
(127, 244, 0.00, 0.00, '2023-05-31 14:26:53', '2023-05-31 14:26:53'),
(128, 245, 0.00, 0.00, '2023-05-31 14:29:54', '2023-05-31 14:29:54'),
(129, 246, 0.00, 0.00, '2023-05-31 14:34:05', '2023-05-31 14:34:05'),
(130, 247, 0.00, 0.00, '2023-05-31 14:42:56', '2023-05-31 14:42:56'),
(131, 248, 0.00, 0.00, '2023-05-31 14:46:18', '2023-05-31 14:46:18'),
(132, 249, 0.00, 0.00, '2023-05-31 14:50:40', '2023-05-31 14:50:40'),
(133, 250, 0.00, 0.00, '2023-05-31 14:53:24', '2023-05-31 14:53:24'),
(134, 251, 0.00, 0.00, '2023-05-31 14:58:16', '2023-05-31 14:58:16'),
(135, 252, 0.00, 0.00, '2023-05-31 15:03:28', '2023-05-31 15:03:28'),
(136, 253, 0.00, 0.00, '2023-06-02 13:58:27', '2023-06-02 13:58:27'),
(137, 254, 0.00, 0.00, '2023-06-02 14:02:45', '2023-06-02 14:02:45'),
(138, 255, 0.00, 0.00, '2023-06-02 14:05:33', '2023-06-02 14:05:33'),
(139, 256, 0.00, 0.00, '2023-06-02 14:09:18', '2023-06-02 14:09:18'),
(140, 257, 0.00, 0.00, '2023-06-03 09:03:35', '2023-06-03 09:03:35'),
(141, 258, 0.00, 0.00, '2023-06-03 09:06:05', '2023-06-03 09:06:05'),
(142, 259, 0.00, 0.00, '2023-06-03 09:09:41', '2023-06-03 09:09:41'),
(143, 260, 0.00, 0.00, '2023-06-03 09:11:44', '2023-06-03 09:11:44'),
(144, 261, 0.00, 0.00, '2023-06-03 09:15:03', '2023-06-03 09:15:03'),
(145, 262, 0.00, 0.00, '2023-06-03 09:19:23', '2023-06-03 09:19:23'),
(146, 263, 0.00, 0.00, '2023-06-03 09:22:36', '2023-06-03 09:22:36'),
(147, 264, 0.00, 0.00, '2023-06-03 09:24:42', '2023-06-03 09:24:42'),
(148, 265, 0.00, 0.00, '2023-06-03 09:29:10', '2023-06-03 09:29:10'),
(149, 266, 0.00, 0.00, '2023-06-03 09:33:59', '2023-06-03 09:33:59'),
(150, 267, 0.00, 0.00, '2023-06-03 09:36:30', '2023-06-03 09:36:30'),
(151, 268, 0.00, 0.00, '2023-06-03 09:40:21', '2023-06-03 09:40:21'),
(152, 269, 0.00, 0.00, '2023-06-03 09:44:17', '2023-06-03 09:44:17'),
(153, 270, 0.00, 0.00, '2023-06-03 09:52:58', '2023-06-03 09:52:58'),
(154, 271, 0.00, 0.00, '2023-06-03 09:56:49', '2023-06-03 09:56:49'),
(155, 272, 0.00, 0.00, '2023-06-03 10:06:13', '2023-06-03 10:06:13'),
(156, 273, 0.00, 0.00, '2023-06-03 10:13:33', '2023-06-03 10:13:33'),
(157, 274, 0.00, 0.00, '2023-06-03 10:23:43', '2023-06-03 10:23:43'),
(158, 275, 0.00, 0.00, '2023-06-03 10:25:57', '2023-06-03 10:25:57'),
(159, 276, 0.00, 0.00, '2023-06-03 11:08:50', '2023-06-03 11:08:50'),
(160, 277, 0.00, 0.00, '2023-06-03 11:11:08', '2023-06-03 11:11:08'),
(161, 278, 0.00, 0.00, '2023-06-03 11:13:52', '2023-06-03 11:13:52'),
(162, 279, 0.00, 0.00, '2023-06-03 11:18:36', '2023-06-03 11:18:36'),
(163, 280, 0.00, 0.00, '2023-06-03 11:22:09', '2023-06-03 11:22:09'),
(164, 281, 0.00, 0.00, '2023-06-03 11:25:34', '2023-06-03 11:25:34'),
(165, 282, 0.00, 0.00, '2023-06-03 11:29:04', '2023-06-03 11:29:04'),
(166, 283, 0.00, 0.00, '2023-06-03 11:32:32', '2023-06-03 11:32:32'),
(167, 284, 0.00, 0.00, '2023-06-03 11:34:18', '2023-06-03 11:34:18'),
(168, 285, 0.00, 0.00, '2023-06-03 11:36:39', '2023-06-03 11:36:39'),
(169, 286, 0.00, 0.00, '2023-06-03 11:39:11', '2023-06-03 11:39:11'),
(170, 287, 0.00, 0.00, '2023-06-03 11:41:26', '2023-06-03 11:41:26'),
(171, 288, 0.00, 0.00, '2023-06-03 11:47:35', '2023-06-03 11:47:35'),
(172, 289, 0.00, 0.00, '2023-06-08 12:01:03', '2023-06-08 12:01:03'),
(173, 290, 0.00, 0.00, '2023-06-08 12:03:16', '2023-06-08 12:03:16'),
(174, 291, 0.00, 0.00, '2023-06-08 12:09:11', '2023-06-08 12:09:11'),
(175, 292, 0.00, 0.00, '2023-06-08 12:14:35', '2023-06-08 12:14:35'),
(176, 293, 0.00, 0.00, '2023-06-08 12:17:26', '2023-06-08 12:17:26'),
(177, 294, 0.00, 0.00, '2023-06-10 09:36:15', '2023-06-10 09:36:15'),
(178, 295, 0.00, 0.00, '2023-06-10 09:40:13', '2023-06-10 09:40:13'),
(179, 296, 0.00, 0.00, '2023-06-10 09:46:06', '2023-06-10 09:46:06'),
(180, 297, 0.00, 0.00, '2023-06-10 09:51:22', '2023-06-10 09:51:22'),
(181, 298, 0.00, 0.00, '2023-06-10 09:54:46', '2023-06-10 09:54:46'),
(182, 299, 0.00, 0.00, '2023-06-10 10:14:01', '2023-06-10 10:14:01'),
(183, 300, 0.00, 0.00, '2023-06-10 10:16:39', '2023-06-10 10:16:39'),
(184, 301, 0.00, 0.00, '2023-06-10 10:19:24', '2023-06-10 10:19:24'),
(185, 302, 0.00, 0.00, '2023-06-10 10:23:35', '2023-06-10 10:23:35'),
(186, 303, 0.00, 0.00, '2023-06-10 10:26:03', '2023-06-10 10:26:03'),
(187, 304, 0.00, 0.00, '2023-06-10 10:27:16', '2023-06-10 10:27:16'),
(188, 306, 0.00, 0.00, '2023-06-10 10:30:32', '2023-06-10 10:30:32'),
(189, 307, 0.00, 0.00, '2023-06-10 10:42:27', '2023-06-10 10:42:27'),
(190, 308, 0.00, 0.00, '2023-06-10 10:48:01', '2023-06-10 10:48:01'),
(191, 309, 0.00, 0.00, '2023-06-13 13:03:42', '2023-06-13 13:03:42'),
(192, 310, 0.00, 0.00, '2023-06-13 13:05:51', '2023-06-13 13:05:51'),
(193, 311, 0.00, 0.00, '2023-06-13 13:07:59', '2023-06-13 13:07:59'),
(194, 312, 0.00, 0.00, '2023-06-13 13:09:52', '2023-06-13 13:09:52'),
(195, 313, 0.00, 0.00, '2023-06-13 13:11:17', '2023-06-13 13:11:17'),
(196, 314, 0.00, 0.00, '2023-06-13 13:22:57', '2023-06-13 13:22:57'),
(197, 315, 0.00, 0.00, '2023-06-13 13:26:44', '2023-06-13 13:26:44'),
(198, 316, 0.00, 0.00, '2023-06-13 13:28:38', '2023-06-13 13:28:38'),
(199, 317, 0.00, 0.00, '2023-06-13 13:30:15', '2023-06-13 13:30:15'),
(200, 318, 0.00, 0.00, '2023-06-13 13:33:05', '2023-06-13 13:33:05'),
(201, 319, 0.00, 0.00, '2023-06-13 13:35:50', '2023-06-13 13:35:50'),
(202, 320, 0.00, 0.00, '2023-06-13 13:40:22', '2023-06-13 13:40:22'),
(203, 321, 0.00, 0.00, '2023-06-13 13:48:30', '2023-06-13 13:48:30'),
(204, 322, 0.00, 0.00, '2023-06-13 13:50:00', '2023-06-13 13:50:00'),
(205, 323, 0.00, 0.00, '2023-06-13 13:52:38', '2023-06-13 13:52:38'),
(206, 324, 0.00, 0.00, '2023-06-13 13:54:08', '2023-06-13 13:54:08'),
(207, 325, 0.00, 0.00, '2023-06-13 14:03:13', '2023-06-13 14:03:13'),
(208, 326, 0.00, 0.00, '2023-06-15 11:22:25', '2023-06-15 11:22:25'),
(209, 327, 0.00, 0.00, '2023-06-15 11:37:24', '2023-06-15 11:37:24'),
(210, 328, 0.00, 0.00, '2023-06-15 11:40:25', '2023-06-15 11:40:25'),
(211, 329, 0.00, 0.00, '2023-06-15 11:57:39', '2023-06-15 11:57:39'),
(212, 330, 0.00, 0.00, '2023-06-15 11:59:48', '2023-06-15 11:59:48'),
(213, 331, 0.00, 0.00, '2023-06-15 12:04:39', '2023-06-15 12:04:39'),
(214, 332, 0.00, 0.00, '2023-06-15 12:09:20', '2023-06-15 12:09:20'),
(215, 333, 0.00, 0.00, '2023-06-15 12:13:08', '2023-06-15 12:13:08'),
(216, 334, 0.00, 0.00, '2023-06-15 12:15:10', '2023-06-15 12:15:10'),
(217, 335, 0.00, 0.00, '2023-06-15 12:19:32', '2023-06-15 12:19:32'),
(218, 336, 0.00, 0.00, '2023-06-15 12:21:19', '2023-06-15 12:21:19'),
(219, 337, 0.00, 0.00, '2023-06-15 12:31:40', '2023-06-15 12:31:40'),
(220, 338, 0.00, 0.00, '2023-06-15 12:33:31', '2023-06-15 12:33:31'),
(221, 339, 0.00, 0.00, '2023-06-15 12:40:20', '2023-06-15 12:40:20'),
(222, 340, 0.00, 0.00, '2023-06-15 12:44:34', '2023-06-15 12:44:34'),
(223, 341, 0.00, 0.00, '2023-06-15 12:50:12', '2023-06-15 12:50:12'),
(224, 342, 0.00, 0.00, '2023-06-15 12:54:34', '2023-06-15 12:54:34'),
(225, 343, 0.00, 0.00, '2023-06-15 13:01:32', '2023-06-15 13:01:32'),
(226, 344, 0.00, 0.00, '2023-06-15 13:04:17', '2023-06-15 13:04:17'),
(227, 345, 0.00, 0.00, '2023-06-15 13:06:02', '2023-06-15 13:06:02'),
(228, 346, 0.00, 0.00, '2023-06-15 13:08:21', '2023-06-15 13:08:21'),
(229, 347, 0.00, 0.00, '2023-06-16 11:24:18', '2023-06-16 11:24:18'),
(230, 348, 0.00, 0.00, '2023-06-16 11:25:19', '2023-06-16 11:25:19'),
(231, 349, 0.00, 0.00, '2023-06-16 11:26:46', '2023-06-16 11:26:46'),
(232, 350, 0.00, 0.00, '2023-06-16 11:28:16', '2023-06-16 11:28:16'),
(233, 351, 0.00, 0.00, '2023-06-16 11:30:18', '2023-06-16 11:30:18'),
(234, 352, 0.00, 0.00, '2023-06-16 11:37:53', '2023-06-16 11:37:53'),
(235, 353, 0.00, 0.00, '2023-06-16 11:39:01', '2023-06-16 11:39:01'),
(236, 354, 0.00, 0.00, '2023-06-16 11:42:32', '2023-06-16 11:42:32'),
(237, 355, 0.00, 0.00, '2023-06-16 11:46:09', '2023-06-16 11:46:09'),
(238, 356, 0.00, 0.00, '2023-06-16 11:48:49', '2023-06-16 11:48:49'),
(239, 357, 0.00, 0.00, '2023-06-16 11:50:11', '2023-06-16 11:50:11'),
(240, 358, 0.00, 0.00, '2023-06-16 11:53:14', '2023-06-16 11:53:14'),
(241, 359, 0.00, 0.00, '2023-06-16 11:54:44', '2023-06-16 11:54:44'),
(242, 360, 0.00, 0.00, '2023-06-16 11:55:56', '2023-06-16 11:55:56'),
(243, 361, 0.00, 0.00, '2023-06-16 11:56:57', '2023-06-16 11:56:57'),
(244, 362, 0.00, 0.00, '2023-06-16 11:58:14', '2023-06-16 11:58:14'),
(245, 363, 0.00, 0.00, '2023-06-16 12:07:38', '2023-06-16 12:07:38'),
(246, 364, 0.00, 0.00, '2023-06-16 12:09:38', '2023-06-16 12:09:38'),
(247, 365, 0.00, 0.00, '2023-06-16 12:11:18', '2023-06-16 12:11:18'),
(248, 366, 0.00, 0.00, '2023-06-16 12:14:03', '2023-06-16 12:14:03'),
(249, 367, 0.00, 0.00, '2023-06-16 12:15:19', '2023-06-16 12:15:19'),
(250, 368, 0.00, 0.00, '2023-06-16 12:22:02', '2023-06-16 12:22:02'),
(251, 369, 0.00, 0.00, '2023-06-16 12:26:23', '2023-06-16 12:26:23'),
(252, 370, 0.00, 0.00, '2023-06-16 12:30:19', '2023-06-16 12:30:19'),
(253, 371, 0.00, 0.00, '2023-06-16 12:33:42', '2023-06-16 12:33:42'),
(254, 372, 0.00, 0.00, '2023-06-16 12:37:59', '2023-06-16 12:37:59'),
(255, 373, 0.00, 0.00, '2023-06-16 12:40:49', '2023-06-16 12:40:49'),
(256, 374, 0.00, 0.00, '2023-06-16 12:42:57', '2023-06-16 12:42:57'),
(257, 375, 0.00, 0.00, '2023-06-16 12:45:21', '2023-06-16 12:45:21'),
(258, 376, 0.00, 0.00, '2023-06-16 12:47:25', '2023-06-16 12:47:25'),
(259, 377, 0.00, 0.00, '2023-06-16 12:52:45', '2023-06-16 12:52:45'),
(260, 378, 0.00, 0.00, '2023-06-16 12:54:50', '2023-06-16 12:54:50'),
(261, 379, 0.00, 0.00, '2023-06-16 12:56:40', '2023-06-16 12:56:40'),
(262, 380, 0.00, 0.00, '2023-06-16 12:59:47', '2023-06-16 12:59:47'),
(263, 381, 0.00, 0.00, '2023-08-11 12:44:51', '2023-08-11 12:44:51'),
(264, 382, 0.00, 0.00, '2024-09-13 11:24:08', '2024-09-13 11:24:08'),
(265, 383, 0.00, 0.00, '2024-09-13 14:55:53', '2024-09-13 14:55:53');

-- --------------------------------------------------------

--
-- Table structure for table `addresses`
--

CREATE TABLE `addresses` (
  `id` int(10) NOT NULL,
  `type` enum('billing','delivery') NOT NULL DEFAULT 'billing',
  `address` varchar(150) DEFAULT NULL,
  `postalcode` varchar(7) DEFAULT NULL,
  `city` varchar(40) DEFAULT NULL,
  `province` char(2) DEFAULT NULL,
  `phone` varchar(50) DEFAULT NULL,
  `email` varchar(90) DEFAULT NULL,
  `created_at` datetime NOT NULL,
  `updated_at` datetime NOT NULL
) ENGINE=MyISAM DEFAULT CHARSET=latin1 COLLATE=latin1_swedish_ci;

--
-- Dumping data for table `addresses`
--

INSERT INTO `addresses` (`id`, `type`, `address`, `postalcode`, `city`, `province`, `phone`, `email`, `created_at`, `updated_at`) VALUES
(1, 'billing', '130 King Street West', 'M5X 2A2', 'Toronto', 'ON', '(234) 254-3656', 'floyci@gmail.com', '2022-03-15 08:45:01', '2022-03-15 08:45:01'),
(2, 'delivery', '130 King Street West', 'M5X 2A2', 'Toronto', 'ON', '(234) 254-3656', 'floyci@gmail.com', '2022-03-15 08:45:01', '2022-03-15 08:45:01'),
(3, 'billing', '130 King Street West', 'M5X 2A2', 'Toronto', 'ON', '(234) 254-3656', 'floyci@gmail.com', '2022-03-15 10:10:31', '2022-03-15 10:10:31'),
(4, 'delivery', '130 King Street West', 'M5X 2A2', 'Toronto', 'ON', '(234) 254-3656', 'floyci@gmail.com', '2022-03-15 10:10:31', '2022-03-15 10:10:31'),
(5, 'billing', '130 King Street West', 'M5X 2A2', 'Toronto', 'ON', '(234) 254-3656', 'floyci@gmail.com', '2022-03-15 10:10:36', '2022-03-15 10:10:36'),
(6, 'delivery', '130 King Street West', 'M5X 2A2', 'Toronto', 'ON', '(234) 254-3656', 'floyci@gmail.com', '2022-03-15 10:10:36', '2022-03-15 10:10:36'),
(7, 'billing', '130 King Street West', 'M5X 2A2', 'Toronto', 'ON', '(234) 254-3656', 'floyci@gmail.com', '2022-03-15 10:29:38', '2022-03-15 10:29:38'),
(8, 'delivery', '130 King Street West', 'M5X 2A2', 'Toronto', 'ON', '(234) 254-3656', 'floyci@gmail.com', '2022-03-15 10:29:38', '2022-03-15 10:29:38'),
(9, 'billing', '130 King Street West', 'M5X 2A2', 'Toronto', 'ON', '(234) 254-3656', 'floyci@gmail.com', '2022-03-17 01:06:55', '2022-03-17 01:06:55'),
(10, 'delivery', '130 King Street West', 'M5X 2A2', 'Toronto', 'ON', '(234) 254-3656', 'floyci@gmail.com', '2022-03-17 01:06:55', '2022-03-17 01:06:55'),
(11, 'billing', '4641 128 Avenue Northeast', 'T3N 1T5', 'Calgary', 'AB', '(765) 489-7876', 'fredsons@gmail.com', '2022-03-21 07:52:37', '2022-03-21 07:52:37'),
(12, 'delivery', '4641 128 Avenue Northeast', 'T3N 1T5', 'Calgary', 'AB', '(765) 489-7876', 'fredsons@gmail.com', '2022-03-21 07:52:37', '2022-03-21 07:52:37'),
(13, 'billing', '4641 128 Avenue Northeast', 'T3N 1T5', 'Calgary', 'AB', '(765) 489-7876', 'fredsons@gmail.com', '2022-03-22 07:04:52', '2022-03-22 07:04:52'),
(14, 'delivery', '4641 128 Avenue Northeast', 'T3N 1T5', 'Calgary', 'AB', '(765) 489-7876', 'fredsons@gmail.com', '2022-03-22 07:04:52', '2022-03-22 07:04:52'),
(15, 'billing', '4641 128 Avenue Northeast', 'T3N 1T5', 'Calgary', 'AB', '(765) 489-7876', 'fredsons@gmail.com', '2022-03-22 07:04:58', '2022-03-22 07:04:58'),
(16, 'delivery', '4641 128 Avenue Northeast', 'T3N 1T5', 'Calgary', 'AB', '(765) 489-7876', 'fredsons@gmail.com', '2022-03-22 07:04:58', '2022-03-22 07:04:58'),
(17, 'billing', '130 King Street West', 'M5X 2A2', 'Toronto', 'ON', '(234) 254-3656', 'floyci@gmail.com', '2023-03-21 12:25:54', '2023-03-21 12:25:54'),
(18, 'delivery', '130 King Street West', 'M5X 2A2', 'Toronto', 'ON', '(234) 254-3656', 'floyci@gmail.com', '2023-03-21 12:25:54', '2023-03-21 12:25:54'),
(19, 'billing', '4641 128 Avenue Northeast', 'T3N 1T5', 'Calgary', 'AB', '(765) 489-7876', 'fredsons@gmail.com', '2023-03-21 12:36:14', '2023-03-21 12:36:14'),
(20, 'delivery', '4641 128 Avenue Northeast', 'T3N 1T5', 'Calgary', 'AB', '(765) 489-7876', 'fredsons@gmail.com', '2023-03-21 12:36:14', '2023-03-21 12:36:14'),
(21, 'billing', '796468 Grey County Road 19', 'L9Y 5B1', 'Collingwood', 'ON', '(678) 098-7676', 'shoplet@gmail.com', '2023-03-23 12:02:01', '2023-03-23 12:02:01'),
(22, 'delivery', '796468 Grey County Road 19', 'L9Y 5B1', 'Collingwood', 'ON', '(678) 098-7676', 'shoplet@gmail.com', '2023-03-23 12:02:01', '2023-03-23 12:02:01'),
(23, 'billing', '796468 Grey County Road 19', 'L9Y 5B1', 'Collingwood', 'ON', '(678) 098-7676', 'shoplet@gmail.com', '2023-03-23 12:02:05', '2023-03-23 12:02:05'),
(24, 'delivery', '796468 Grey County Road 19', 'L9Y 5B1', 'Collingwood', 'ON', '(678) 098-7676', 'shoplet@gmail.com', '2023-03-23 12:02:05', '2023-03-23 12:02:05'),
(25, 'billing', '52 Greenwood Drive', 'N5A 7H1', 'Stratford', 'ON', '(647) 839-6537', 'tipico.de.mi@gmail.com', '2023-03-30 12:10:24', '2023-03-30 12:10:24'),
(26, 'delivery', '52 Greenwood Drive', 'N5A 7H1', 'Stratford', 'ON', '(647) 839-6537', 'tipico.de.mi@gmail.com', '2023-03-30 12:10:24', '2023-03-30 12:10:24'),
(27, 'billing', '52 Greenwood Drive', 'N5A 7H1', 'Stratford', 'ON', '(647) 839-6537', 'tipico.de.mi@gmail.com', '2023-03-30 12:10:33', '2023-03-30 12:10:33'),
(28, 'delivery', '52 Greenwood Drive', 'N5A 7H1', 'Stratford', 'ON', '(647) 839-6537', 'tipico.de.mi@gmail.com', '2023-03-30 12:10:33', '2023-03-30 12:10:33'),
(29, 'billing', '796468 Grey County Road 19', 'L9Y 5B1', 'Collingwood', 'ON', '(678) 098-7676', 'shoplet@gmail.com', '2023-03-31 11:55:37', '2023-03-31 11:55:37'),
(30, 'delivery', '796468 Grey County Road 19', 'L9Y 5B1', 'Collingwood', 'ON', '(678) 098-7676', 'shoplet@gmail.com', '2023-03-31 11:55:37', '2023-03-31 11:55:37'),
(31, 'billing', '796468 Grey County Road 19', 'L9Y 5B1', 'Collingwood', 'ON', '(678) 098-7676', 'shoplet@gmail.com', '2023-03-31 12:01:46', '2023-03-31 12:01:46'),
(32, 'delivery', '796468 Grey County Road 19', 'L9Y 5B1', 'Collingwood', 'ON', '(678) 098-7676', 'shoplet@gmail.com', '2023-03-31 12:01:46', '2023-03-31 12:01:46'),
(33, 'billing', '130 King Street West', 'M5X 2A2', 'Toronto', 'ON', '(234) 254-3656', 'floyci@gmail.com', '2023-04-28 07:49:07', '2023-04-28 07:49:07'),
(34, 'delivery', '130 King Street West', 'M5X 2A2', 'Toronto', 'ON', '(234) 254-3656', 'floyci@gmail.com', '2023-04-28 07:49:07', '2023-04-28 07:49:07'),
(35, 'billing', 'test', 't0a0a0', 'toronto', 'ON', '(555) 533-3333', NULL, '2023-05-18 08:42:46', '2023-05-18 08:42:46'),
(36, 'delivery', 'test', 't0a0a0', 'toronto', 'ON', '(555) 533-3333', NULL, '2023-05-18 08:42:46', '2023-05-18 08:42:46'),
(37, 'billing', 'test', 't0a0a0', 'toronto', 'ON', '(555) 533-3333', NULL, '2023-05-18 08:53:24', '2023-05-18 08:53:24'),
(38, 'delivery', 'test', 't0a0a0', 'toronto', 'ON', '(555) 533-3333', NULL, '2023-05-18 08:53:24', '2023-05-18 08:53:24'),
(39, 'billing', 'test', 't0a0a0', 'toronto', 'ON', '(555) 533-3333', NULL, '2023-05-18 08:55:27', '2023-05-18 08:55:27'),
(40, 'delivery', 'test', 't0a0a0', 'toronto', 'ON', '(555) 533-3333', NULL, '2023-05-18 08:55:27', '2023-05-18 08:55:27'),
(41, 'billing', 'test', 't0a0a0', 'Toronto', 'ON', '(555) 533-3434', NULL, '2023-05-18 08:57:43', '2023-05-18 08:57:43'),
(42, 'delivery', 'test', 't0a0a0', 'Toronto', 'ON', '(555) 533-3434', NULL, '2023-05-18 08:57:43', '2023-05-18 08:57:43'),
(43, 'billing', 'test', 't0a0a0', 'Toronto', 'ON', '(555) 533-3434', NULL, '2023-05-18 09:05:34', '2023-05-18 09:05:34'),
(44, 'delivery', 'test', 't0a0a0', 'Toronto', 'ON', '(555) 533-3434', NULL, '2023-05-18 09:05:34', '2023-05-18 09:05:34'),
(45, 'billing', 'test', 't0a0a0', 'Toronto', 'ON', '(555) 533-3434', NULL, '2023-05-19 10:09:15', '2023-05-19 10:09:15'),
(46, 'delivery', 'test', 't0a0a0', 'Toronto', 'ON', '(555) 533-3434', NULL, '2023-05-19 10:09:15', '2023-05-19 10:09:15'),
(47, 'billing', '7597 Jones Baseline', 'N0G 1A0', 'Arthur', 'ON', '(519) 848-2107', 'joea@abatespackers.com', '2023-08-29 02:26:10', '2023-08-29 02:26:10'),
(48, 'delivery', '7597 Jones Baseline', 'N0G 1A0', 'Arthur', 'ON', '(519) 848-2107', 'joea@abatespackers.com', '2023-08-29 02:26:10', '2023-08-29 02:26:10'),
(49, 'billing', '7597 Jones Baseline', 'N0G 1A0', 'Arthur', 'ON', '(519) 848-2107', 'joea@abatespackers.com', '2023-08-29 02:26:43', '2023-08-29 02:26:43'),
(50, 'delivery', '7597 Jones Baseline', 'N0G 1A0', 'Arthur', 'ON', '(519) 848-2107', 'joea@abatespackers.com', '2023-08-29 02:26:43', '2023-08-29 02:26:43'),
(51, 'billing', '620 Rusholme Road,', 'L3B 5N7', 'Welland', 'ON', '(905) 732-9111', 'aw_maintenance@hotmail.com', '2023-08-29 02:28:29', '2023-08-29 02:28:29'),
(52, 'delivery', '620 Rusholme Road,', 'L3B 5N7', 'Welland', 'ON', '(905) 732-9111', 'aw_maintenance@hotmail.com', '2023-08-29 02:28:29', '2023-08-29 02:28:29'),
(53, 'billing', '620 Rusholme Road,', 'L3B 5N7', 'Welland', 'ON', '(905) 732-9111', 'aw_maintenance@hotmail.com', '2023-08-29 02:28:29', '2023-08-29 02:28:29'),
(54, 'delivery', '620 Rusholme Road,', 'L3B 5N7', 'Welland', 'ON', '(905) 732-9111', 'aw_maintenance@hotmail.com', '2023-08-29 02:28:29', '2023-08-29 02:28:29'),
(55, 'billing', '7597 Jones Baseline', 'N0G 1A0', 'Arthur', 'ON', '(519) 848-2107', 'joea@abatespackers.com', '2023-09-05 06:15:23', '2023-09-05 06:15:23'),
(56, 'delivery', '7597 Jones Baseline', 'N0G 1A0', 'Arthur', 'ON', '(519) 848-2107', 'joea@abatespackers.com', '2023-09-05 06:15:23', '2023-09-05 06:15:23');

-- --------------------------------------------------------

--
-- Table structure for table `categories`
--

CREATE TABLE `categories` (
  `id` int(11) NOT NULL,
  `name` varchar(50) NOT NULL,
  `parent_id` int(11) DEFAULT NULL,
  `description` text DEFAULT NULL,
  `status` tinyint(1) NOT NULL,
  `created_at` datetime NOT NULL,
  `updated_at` datetime NOT NULL
) ENGINE=InnoDB DEFAULT CHARSET=utf8mb4 COLLATE=utf8mb4_unicode_ci;

--
-- Dumping data for table `categories`
--

INSERT INTO `categories` (`id`, `name`, `parent_id`, `description`, `status`, `created_at`, `updated_at`) VALUES
(1, 'Red Meat', NULL, 'Beef products', 1, '2021-09-16 19:49:01', '2023-06-16 13:07:41'),
(3, 'Poultry', NULL, 'Poultry products', 1, '2021-09-16 19:49:30', '2023-04-19 13:14:44'),
(6, 'Fruits', 4, 'Fruits', 1, '2021-10-25 13:56:28', '2021-10-25 13:56:28');

-- --------------------------------------------------------

--
-- Table structure for table `customer_price`
--

CREATE TABLE `customer_price` (
  `id` int(10) NOT NULL,
  `customer_id` int(10) NOT NULL,
  `product_id` int(10) NOT NULL,
  `price` decimal(8,2) NOT NULL,
  `status` tinyint(1) NOT NULL DEFAULT 0,
  `created_at` datetime NOT NULL,
  `updated_at` datetime NOT NULL
) ENGINE=MyISAM DEFAULT CHARSET=utf8mb4 COLLATE=utf8mb4_general_ci;

--
-- Dumping data for table `customer_price`
--

INSERT INTO `customer_price` (`id`, `customer_id`, `product_id`, `price`, `status`, `created_at`, `updated_at`) VALUES
(30, 115, 2, 190.00, 1, '2023-04-28 07:49:34', '2023-04-28 07:49:34'),
(21, 115, 1, 10.00, 1, '2023-04-19 08:54:52', '2023-04-19 08:54:52'),
(22, 115, 5, 250.00, 1, '2023-04-19 08:54:52', '2023-04-19 08:54:52'),
(23, 115, 6, 340.00, 1, '2023-04-19 08:54:52', '2023-04-19 08:54:52'),
(24, 115, 7, 230.00, 1, '2023-04-19 08:54:52', '2023-04-19 08:54:52'),
(25, 115, 8, 875.00, 1, '2023-04-19 08:54:52', '2023-04-19 08:54:52'),
(26, 115, 9, 1650.00, 1, '2023-04-19 08:54:52', '2023-04-19 08:54:52'),
(32, 115, 11, 0.00, 1, '2023-06-16 13:02:13', '2023-06-16 13:02:13'),
(31, 115, 12, 0.00, 1, '2023-06-16 13:01:46', '2023-06-16 13:01:46'),
(33, 115, 16, 0.00, 1, '2023-08-11 15:23:20', '2023-08-11 15:23:20'),
(36, 115, 17, 12.00, 1, '2023-08-11 15:40:42', '2023-08-11 15:40:42');

-- --------------------------------------------------------

--
-- Table structure for table `customer_types`
--

CREATE TABLE `customer_types` (
  `id` int(11) NOT NULL,
  `name` varchar(200) NOT NULL,
  `created_at` datetime NOT NULL,
  `updated_at` datetime NOT NULL
) ENGINE=InnoDB DEFAULT CHARSET=utf8mb4 COLLATE=utf8mb4_unicode_ci;

--
-- Dumping data for table `customer_types`
--

INSERT INTO `customer_types` (`id`, `name`, `created_at`, `updated_at`) VALUES
(1, 'Butcher', '2021-09-16 20:56:49', '2021-09-16 20:56:49'),
(3, 'Grocery Store', '2021-09-21 20:05:53', '2021-09-21 20:05:53'),
(10, 'Bulk Buyer', '2021-12-14 19:32:38', '2021-12-14 19:32:38');

-- --------------------------------------------------------

--
-- Table structure for table `emails`
--

CREATE TABLE `emails` (
  `id` int(11) NOT NULL,
  `name` varchar(50) NOT NULL,
  `action` varchar(50) NOT NULL,
  `created_at` datetime NOT NULL,
  `updated_at` datetime NOT NULL
) ENGINE=InnoDB DEFAULT CHARSET=utf8mb4 COLLATE=utf8mb4_unicode_ci;

-- --------------------------------------------------------

--
-- Table structure for table `failed_jobs`
--

CREATE TABLE `failed_jobs` (
  `id` bigint(20) UNSIGNED NOT NULL,
  `connection` text NOT NULL,
  `queue` text NOT NULL,
  `payload` longtext NOT NULL,
  `exception` longtext NOT NULL,
  `failed_at` timestamp NOT NULL DEFAULT current_timestamp()
) ENGINE=InnoDB DEFAULT CHARSET=utf8mb4 COLLATE=utf8mb4_unicode_ci;

-- --------------------------------------------------------

--
-- Table structure for table `inventories`
--

CREATE TABLE `inventories` (
  `id` int(11) NOT NULL,
  `warehouse_id` int(11) NOT NULL,
  `entered_by` int(11) NOT NULL,
  `reference_number` varchar(200) DEFAULT NULL,
  `from_details` varchar(200) DEFAULT NULL,
  `quantity` int(11) DEFAULT NULL,
  `status` tinyint(1) NOT NULL DEFAULT 1,
  `created_at` datetime NOT NULL,
  `updated_at` datetime NOT NULL
) ENGINE=InnoDB DEFAULT CHARSET=utf8mb4 COLLATE=utf8mb4_unicode_ci;

-- --------------------------------------------------------

--
-- Table structure for table `inventory_products`
--

CREATE TABLE `inventory_products` (
  `id` int(11) NOT NULL,
  `inventory_id` int(11) NOT NULL,
  `product_id` int(11) NOT NULL,
  `quantity` int(11) NOT NULL,
  `amount` decimal(6,2) NOT NULL,
  `created_at` datetime NOT NULL,
  `updated_at` datetime NOT NULL
) ENGINE=InnoDB DEFAULT CHARSET=utf8mb4 COLLATE=utf8mb4_unicode_ci;

-- --------------------------------------------------------

--
-- Table structure for table `invoices`
--

CREATE TABLE `invoices` (
  `id` int(10) NOT NULL,
  `invoice_number` varchar(15) NOT NULL,
  `order_id` int(10) NOT NULL,
  `due_date` datetime NOT NULL,
  `customer_id` int(10) NOT NULL,
  `status` tinyint(1) NOT NULL DEFAULT 0,
  `payment_method` enum('cash','card','other') DEFAULT NULL,
  `reference_number` varchar(25) DEFAULT NULL,
  `transaction_id` varchar(15) DEFAULT NULL,
  `created_at` datetime NOT NULL,
  `updated_at` datetime NOT NULL,
  `sub_total` decimal(8,2) DEFAULT 0.00,
  `tax` decimal(8,2) DEFAULT NULL,
  `discount` decimal(8,2) DEFAULT 0.00,
  `shipping` decimal(8,2) DEFAULT 0.00,
  `grand_total` decimal(8,2) NOT NULL DEFAULT 0.00,
  `paid_total` decimal(8,2) NOT NULL DEFAULT 0.00,
  `remarks` text DEFAULT NULL
) ENGINE=MyISAM DEFAULT CHARSET=utf8mb4 COLLATE=utf8mb4_unicode_ci;

--
-- Dumping data for table `invoices`
--

INSERT INTO `invoices` (`id`, `invoice_number`, `order_id`, `due_date`, `customer_id`, `status`, `payment_method`, `reference_number`, `transaction_id`, `created_at`, `updated_at`, `sub_total`, `tax`, `discount`, `shipping`, `grand_total`, `paid_total`, `remarks`) VALUES
(1, '220315001', 2, '2022-03-15 00:00:00', 115, 1, 'cash', NULL, NULL, '2022-03-15 10:10:36', '2022-03-16 03:14:10', 110.38, 10.54, 5.00, 0.00, 115.91, 115.91, NULL),
(2, '220316001', 3, '2022-03-15 00:00:00', 115, 1, 'cash', NULL, NULL, '2022-03-16 08:08:32', '2023-03-21 12:59:57', 741.50, 74.15, NULL, 0.00, 815.65, 815.65, NULL),
(3, '220316002', 1, '2022-03-15 00:00:00', 115, 1, 'cash', NULL, NULL, '2022-03-16 08:19:30', '2023-03-21 13:01:05', 110.38, 10.54, 5.00, 0.00, 115.91, 115.91, NULL),
(4, '220321001', 6, '2022-03-21 00:00:00', 118, 0, 'cash', NULL, NULL, '2022-03-21 07:55:50', '2022-03-21 07:55:50', 10000.00, 990.00, 100.00, 0.00, 10890.00, 0.00, NULL),
(5, '220322001', 7, '2022-03-22 00:00:00', 118, 0, 'cash', NULL, NULL, '2022-03-22 07:04:58', '2022-03-22 07:04:58', 5500.00, 550.00, NULL, 0.00, 6050.00, 0.00, NULL),
(6, '220323001', 5, '2022-03-17 00:00:00', 115, 1, 'cash', NULL, NULL, '2022-03-23 10:04:34', '2023-03-21 12:59:16', 2000.00, 200.00, NULL, 0.00, 2200.00, 2200.00, NULL),
(7, '230323001', 9, '2023-03-23 00:00:00', 116, -1, 'cash', NULL, NULL, '2023-03-23 12:02:05', '2023-03-23 12:02:57', 99.34, 9.93, NULL, 0.00, 109.27, 0.00, 'void'),
(8, '230330001', 4, '2022-03-15 00:00:00', 115, 1, 'cash', NULL, NULL, '2023-03-30 08:37:07', '2023-03-30 11:50:06', 100.00, 10.00, NULL, 0.00, 110.00, 110.00, NULL),
(9, '230330002', 10, '2023-04-06 00:00:00', 123, 0, 'cash', NULL, NULL, '2023-03-30 12:10:33', '2023-03-30 12:10:33', 960.00, 96.00, NULL, 0.00, 1056.00, 0.00, NULL),
(10, '230331001', 11, '2023-03-31 00:00:00', 116, 0, 'cash', NULL, NULL, '2023-03-31 12:00:20', '2023-03-31 12:00:20', 6704.40, 670.44, NULL, 0.00, 7374.84, 0.00, NULL),
(11, '230331002', 12, '2023-03-31 00:00:00', 116, 1, 'cash', NULL, NULL, '2023-03-31 12:01:46', '2023-04-06 12:34:52', 158.94, 15.89, NULL, 0.00, 174.83, 174.83, NULL),
(12, '230428001', 13, '2023-04-28 00:00:00', 115, 0, 'cash', NULL, NULL, '2023-04-28 07:49:34', '2023-04-28 07:49:34', 85.50, 8.55, NULL, 0.00, 94.05, 0.00, NULL),
(13, '230518001', 15, '2023-05-18 00:00:00', 165, 1, 'cash', NULL, NULL, '2023-05-18 08:55:27', '2023-05-18 08:55:53', 3251.48, 325.15, NULL, 0.00, 3576.63, 3576.63, NULL),
(14, '230829001', 19, '2023-08-29 00:00:00', 133, 0, 'cash', NULL, NULL, '2023-08-29 02:26:43', '2023-08-29 02:26:43', 32.00, 3.20, NULL, 0.00, 35.20, 0.00, NULL);

-- --------------------------------------------------------

--
-- Table structure for table `messages`
--

CREATE TABLE `messages` (
  `id` int(11) NOT NULL,
  `sender_id` int(11) NOT NULL,
  `sender_email` varchar(100) NOT NULL,
  `recipient_id` int(11) NOT NULL,
  `recipient_email` varchar(100) NOT NULL,
  `subject` varchar(100) NOT NULL,
  `body_html` text NOT NULL,
  `body_text` text NOT NULL,
  `folder` varchar(100) DEFAULT NULL,
  `read_at` datetime DEFAULT NULL,
  `status_sender` tinyint(1) DEFAULT 0,
  `status_recipient` tinyint(1) DEFAULT 0,
  `created_at` datetime NOT NULL,
  `updated_at` datetime NOT NULL
) ENGINE=InnoDB DEFAULT CHARSET=utf8mb4 COLLATE=utf8mb4_unicode_ci;

--
-- Dumping data for table `messages`
--

INSERT INTO `messages` (`id`, `sender_id`, `sender_email`, `recipient_id`, `recipient_email`, `subject`, `body_html`, `body_text`, `folder`, `read_at`, `status_sender`, `status_recipient`, `created_at`, `updated_at`) VALUES
(1, 115, 'floyci@gmail.com', 1, 'admin@freshhub.ca', 'About my order', 'About my order', 'About my order', NULL, NULL, 0, 0, '2022-03-16 10:09:29', '2022-03-16 10:09:29'),
(2, 1, 'admin@freshhub.ca', 115, 'floyci@gmail.com', 'About my order', 'About my order', 'About my order', NULL, NULL, 0, 0, '2022-03-16 10:12:10', '2022-03-16 10:12:10'),
(3, 115, 'floyci@gmail.com', 1, 'admin@freshhub.ca', 'About My Order', 'Please Update the status of my last order.', 'Please Update the status of my last order.', NULL, NULL, 0, 0, '2022-03-17 01:21:43', '2022-03-17 01:21:43');

-- --------------------------------------------------------

--
-- Table structure for table `migrations`
--

CREATE TABLE `migrations` (
  `id` int(10) UNSIGNED NOT NULL,
  `migration` varchar(255) NOT NULL,
  `batch` int(11) NOT NULL
) ENGINE=InnoDB DEFAULT CHARSET=utf8mb4 COLLATE=utf8mb4_unicode_ci;

--
-- Dumping data for table `migrations`
--

INSERT INTO `migrations` (`id`, `migration`, `batch`) VALUES
(1, '2024_07_29_062002_create_accounts_table', 0),
(2, '2024_07_29_062002_create_addresses_table', 0),
(3, '2024_07_29_062002_create_categories_table', 0),
(4, '2024_07_29_062002_create_customer_price_table', 0),
(5, '2024_07_29_062002_create_customer_types_table', 0),
(6, '2024_07_29_062002_create_emails_table', 0),
(7, '2024_07_29_062002_create_failed_jobs_table', 0),
(8, '2024_07_29_062002_create_inventories_table', 0),
(9, '2024_07_29_062002_create_inventory_products_table', 0),
(10, '2024_07_29_062002_create_invoices_table', 0),
(11, '2024_07_29_062002_create_messages_table', 0),
(12, '2024_07_29_062002_create_model_has_permissions_table', 0),
(13, '2024_07_29_062002_create_model_has_roles_table', 0),
(14, '2024_07_29_062002_create_order_items_table', 0),
(15, '2024_07_29_062002_create_order_payments_table', 0),
(16, '2024_07_29_062002_create_order_statuses_table', 0),
(17, '2024_07_29_062002_create_orders_table', 0),
(18, '2024_07_29_062002_create_password_resets_table', 0),
(19, '2024_07_29_062002_create_payment_methods_table', 0),
(20, '2024_07_29_062002_create_payment_terms_table', 0),
(21, '2024_07_29_062002_create_permissions_table', 0),
(22, '2024_07_29_062002_create_products_table', 0),
(23, '2024_07_29_062002_create_provinces_table', 0),
(24, '2024_07_29_062002_create_role_has_permissions_table', 0),
(25, '2024_07_29_062002_create_roles_table', 0),
(26, '2024_07_29_062002_create_routes_table', 0),
(27, '2024_07_29_062002_create_runsheets_table', 0),
(28, '2024_07_29_062002_create_settings_table', 0),
(29, '2024_07_29_062002_create_stocks_table', 0),
(30, '2024_07_29_062002_create_unit_types_table', 0),
(31, '2024_07_29_062002_create_units_table', 0),
(32, '2024_07_29_062002_create_user_types_table', 0),
(33, '2024_07_29_062002_create_users_table', 0),
(34, '2024_07_29_062002_create_warehouses_table', 0),
(35, '2024_07_29_062002_create_weights_table', 0),
(36, '2024_07_29_062005_add_foreign_keys_to_model_has_permissions_table', 0),
(37, '2024_07_29_062005_add_foreign_keys_to_model_has_roles_table', 0),
(38, '2024_07_29_062005_add_foreign_keys_to_role_has_permissions_table', 0);

-- --------------------------------------------------------

--
-- Table structure for table `model_has_permissions`
--

CREATE TABLE `model_has_permissions` (
  `permission_id` bigint(20) UNSIGNED NOT NULL,
  `model_type` varchar(255) NOT NULL,
  `model_id` bigint(20) UNSIGNED NOT NULL
) ENGINE=InnoDB DEFAULT CHARSET=utf8mb4 COLLATE=utf8mb4_unicode_ci;

-- --------------------------------------------------------

--
-- Table structure for table `model_has_roles`
--

CREATE TABLE `model_has_roles` (
  `role_id` bigint(20) UNSIGNED NOT NULL,
  `model_type` varchar(255) NOT NULL,
  `model_id` bigint(20) UNSIGNED NOT NULL
) ENGINE=InnoDB DEFAULT CHARSET=utf8mb4 COLLATE=utf8mb4_unicode_ci;

--
-- Dumping data for table `model_has_roles`
--

INSERT INTO `model_has_roles` (`role_id`, `model_type`, `model_id`) VALUES
(3, 'App\\User', 114),
(5, 'App\\User', 113),
(6, 'App\\User', 119),
(10, 'App\\User', 1),
(12, 'App\\User', 117);

-- --------------------------------------------------------

--
-- Table structure for table `orders`
--

CREATE TABLE `orders` (
  `id` int(11) NOT NULL,
  `po_number` varchar(100) NOT NULL,
  `user_id` int(11) NOT NULL,
  `email` varchar(30) DEFAULT NULL,
  `order_date` datetime NOT NULL,
  `due_date` datetime DEFAULT NULL,
  `shipping_id` varchar(10) DEFAULT NULL,
  `shipping_date` datetime DEFAULT NULL,
  `tracking_code` varchar(25) DEFAULT NULL,
  `billing_id` int(10) DEFAULT NULL,
  `delivery_id` int(10) DEFAULT NULL,
  `billing_address` text DEFAULT NULL,
  `shipping_address` text DEFAULT NULL,
  `message` text DEFAULT NULL,
  `notes` text DEFAULT NULL,
  `terms` int(11) DEFAULT NULL,
  `discount` varchar(10) DEFAULT NULL COMMENT 'if type is %,then %value.',
  `discount_type` varchar(11) DEFAULT 'amount' COMMENT 'Type of discount.Amount or percentage',
  `discount_amount` decimal(6,2) DEFAULT NULL COMMENT 'Amount value',
  `shipping` varchar(11) DEFAULT NULL,
  `tax` decimal(5,2) DEFAULT 0.00,
  `sales_rep` int(11) DEFAULT NULL,
  `grand_total` float DEFAULT NULL,
  `total_quantity` int(11) NOT NULL,
  `paid_amount` decimal(6,2) NOT NULL DEFAULT 0.00,
  `status` int(11) NOT NULL DEFAULT 1 COMMENT '-1=Cancelled,0=Backorder,1=New Order,2=Accepted,3=Processing,4=Ready,5=Dispatching,6=Delivered',
  `remarks` text DEFAULT NULL,
  `driver_id` int(11) DEFAULT NULL,
  `assign_driver` tinyint(1) NOT NULL DEFAULT 0,
  `backorder_status` varchar(10) DEFAULT NULL,
  `runsheet_id` int(11) DEFAULT NULL,
  `paid_status` tinyint(1) NOT NULL DEFAULT 0,
  `saved` tinyint(1) NOT NULL DEFAULT 0,
  `printed_at` datetime DEFAULT NULL,
  `created_at` datetime NOT NULL,
  `updated_at` datetime NOT NULL
) ENGINE=InnoDB DEFAULT CHARSET=utf8mb4 COLLATE=utf8mb4_unicode_ci;

--
-- Dumping data for table `orders`
--

INSERT INTO `orders` (`id`, `po_number`, `user_id`, `email`, `order_date`, `due_date`, `shipping_id`, `shipping_date`, `tracking_code`, `billing_id`, `delivery_id`, `billing_address`, `shipping_address`, `message`, `notes`, `terms`, `discount`, `discount_type`, `discount_amount`, `shipping`, `tax`, `sales_rep`, `grand_total`, `total_quantity`, `paid_amount`, `status`, `remarks`, `driver_id`, `assign_driver`, `backorder_status`, `runsheet_id`, `paid_status`, `saved`, `printed_at`, `created_at`, `updated_at`) VALUES
(1, 'PO220315001', 115, 'floyci@gmail.com', '2022-03-15 00:00:00', '2022-03-15 00:00:00', NULL, '2022-03-19 00:00:00', NULL, 1, 2, NULL, NULL, NULL, NULL, 0, NULL, 'amount', 5.00, '0', 10.54, 113, 115.913, 1, 115.91, 5, NULL, 114, 1, NULL, 1, 1, 0, NULL, '2022-03-15 08:45:01', '2023-03-21 13:01:05'),
(2, 'PO220315002', 115, 'floyci@gmail.com', '2022-03-15 00:00:00', '2022-03-15 00:00:00', NULL, '2022-03-17 00:00:00', NULL, 5, 6, NULL, NULL, NULL, NULL, 0, NULL, 'amount', 5.00, '0', 10.54, 113, 115.913, 1, 115.91, 4, NULL, NULL, 0, NULL, NULL, 1, 0, NULL, '2022-03-15 10:10:36', '2022-03-16 08:35:25'),
(3, 'PO220315003', 115, 'floyci@gmail.com', '2022-03-15 00:00:00', '2022-03-15 00:00:00', NULL, '2022-03-16 00:00:00', NULL, 7, 8, NULL, NULL, NULL, NULL, 0, NULL, 'amount', NULL, '0', 74.15, 113, 815.651, 7, 815.65, 6, NULL, 114, 1, NULL, 1, 1, 0, NULL, '2022-03-15 10:29:38', '2023-03-21 12:59:57'),
(4, 'PO230330001', 115, 'floyci@gmail.com', '2023-03-30 00:00:00', '2022-03-15 00:00:00', NULL, '2022-03-16 00:00:00', NULL, 1, 2, NULL, NULL, NULL, NULL, 0, NULL, 'amount', NULL, '0', 10.00, 113, 110, 2, 110.00, 6, NULL, 114, 1, NULL, 1, 1, 0, NULL, '2022-03-16 08:19:30', '2023-03-30 11:50:06'),
(5, 'PO220317001', 115, 'floyci@gmail.com', '2022-03-17 00:00:00', '2022-03-17 00:00:00', NULL, '2022-03-18 00:00:00', NULL, 9, 10, NULL, NULL, NULL, NULL, 0, NULL, 'amount', NULL, '0', 200.00, 113, 2200, 10, 2200.00, 5, NULL, 114, 1, NULL, 4, 1, 0, '2022-03-17 03:54:27', '2022-03-17 01:06:55', '2023-03-21 12:59:16'),
(6, 'PO220321001', 118, 'fredsons@gmail.com', '2022-03-21 00:00:00', '2022-03-21 00:00:00', NULL, '2022-03-22 00:00:00', NULL, 11, 12, NULL, NULL, NULL, 'test', 0, NULL, 'amount', 100.00, '0', 990.00, 113, 10890, 50, 0.00, 5, NULL, 114, 1, NULL, 2, 0, 0, NULL, '2022-03-21 07:52:37', '2022-03-21 07:55:50'),
(7, 'PO220322001', 118, 'fredsons@gmail.com', '2022-03-22 00:00:00', '2022-03-22 00:00:00', NULL, '2022-03-23 00:00:00', NULL, 15, 16, NULL, NULL, NULL, 'Testing', 0, NULL, 'amount', NULL, '0', 550.00, 113, 6050, 5, 0.00, 6, NULL, 114, 1, NULL, 3, 0, 0, NULL, '2022-03-22 07:04:58', '2023-03-24 11:43:40'),
(8, '', 115, 'floyci@gmail.com', '2022-03-23 00:00:00', '2022-03-17 00:00:00', NULL, '2022-03-18 00:00:00', NULL, 9, 10, NULL, NULL, NULL, NULL, 0, NULL, 'amount', NULL, NULL, 0.00, 113, NULL, 0, 0.00, 0, NULL, 114, 0, NULL, NULL, 0, 0, NULL, '2022-03-23 10:04:34', '2022-03-23 10:04:34'),
(9, 'PO230323001', 116, 'shoplet@gmail.com', '2023-03-23 00:00:00', '2023-03-23 00:00:00', NULL, '2023-03-24 00:00:00', NULL, 23, 24, NULL, NULL, NULL, NULL, 0, NULL, 'amount', NULL, '0', 9.93, 113, 109.271, 1, 0.00, -1, 'void', 114, 1, NULL, 7, 0, 0, NULL, '2023-03-23 12:02:05', '2023-03-23 12:02:57'),
(10, 'PO230330002', 123, 'tipico.de.mi@gmail.com', '2023-03-30 00:00:00', '2023-04-06 00:00:00', NULL, '2023-03-31 00:00:00', NULL, 27, 28, NULL, NULL, NULL, '4br 30 boxes x 120', 7, NULL, 'amount', NULL, '0', 96.00, 113, 1056, 120, 0.00, 5, NULL, 114, 1, NULL, 8, 0, 0, NULL, '2023-03-30 12:10:33', '2023-03-30 12:10:33'),
(11, 'PO230331001', 116, 'shoplet@gmail.com', '2023-03-31 00:00:00', '2023-03-31 00:00:00', NULL, '2023-04-01 00:00:00', NULL, 29, 30, NULL, NULL, NULL, 'Test', 0, NULL, 'amount', NULL, '0', 670.44, 113, 7374.84, 2, 0.00, 5, NULL, 114, 1, NULL, 9, 0, 0, NULL, '2023-03-31 11:55:37', '2023-03-31 12:00:20'),
(12, 'PO230331002', 116, 'shoplet@gmail.com', '2023-03-31 00:00:00', '2023-03-31 00:00:00', NULL, '2023-04-01 00:00:00', NULL, 31, 32, NULL, NULL, NULL, 'tewt', 0, NULL, 'amount', NULL, '0', 15.89, 113, 174.834, 1, 174.83, 5, NULL, 114, 1, NULL, 9, 1, 0, NULL, '2023-03-31 12:01:46', '2023-04-06 12:34:52'),
(13, 'PO230428001', 115, 'floyci@gmail.com', '2023-04-28 00:00:00', '2023-04-28 00:00:00', NULL, '2023-04-29 00:00:00', NULL, 33, 34, NULL, NULL, NULL, 'testing', 0, NULL, 'amount', NULL, '0', 8.55, 113, 94.05, 1, 0.00, 5, NULL, 0, 1, NULL, 10, 0, 0, NULL, '2023-04-28 07:49:07', '2023-04-28 07:49:34'),
(14, 'PO230518001', 165, NULL, '2023-05-18 00:00:00', '2023-05-18 00:00:00', NULL, '2023-05-19 00:00:00', NULL, 35, 36, NULL, NULL, NULL, 'test', 0, NULL, 'amount', NULL, '0', 10.00, 113, 110, 1, 0.00, 2, NULL, 114, 1, NULL, NULL, 0, 0, NULL, '2023-05-18 08:42:46', '2023-05-18 08:42:52'),
(15, 'PO230518002', 165, NULL, '2023-05-18 00:00:00', '2023-05-18 00:00:00', NULL, '2023-05-19 00:00:00', NULL, 39, 40, NULL, NULL, NULL, 'testing', 0, NULL, 'amount', NULL, '0', 325.15, 113, 3576.63, 1, 3576.63, 5, NULL, 114, 1, NULL, 11, 1, 0, NULL, '2023-05-18 08:55:27', '2023-05-18 08:55:53'),
(16, 'PO230518003', 166, NULL, '2023-05-18 00:00:00', '2023-05-26 00:00:00', NULL, '2023-05-19 00:00:00', NULL, 41, 42, NULL, NULL, NULL, 'test', 0, NULL, 'amount', NULL, '0', 325.00, 113, 3575, 1, 0.00, 2, NULL, 114, 1, NULL, NULL, 0, 0, NULL, '2023-05-18 08:57:43', '2023-05-18 08:57:55'),
(17, 'PO230518004', 166, NULL, '2023-05-18 00:00:00', '2023-05-19 00:00:00', NULL, '2023-05-19 00:00:00', NULL, 43, 44, NULL, NULL, NULL, NULL, 0, NULL, 'amount', NULL, '0', 0.00, 113, 0, 0, 0.00, 1, NULL, 114, 0, NULL, NULL, 0, 0, NULL, '2023-05-18 09:05:34', '2023-05-18 09:05:34'),
(18, 'PO230519001', 166, NULL, '2023-05-19 00:00:00', '2023-05-19 00:00:00', NULL, '2023-05-20 00:00:00', NULL, 45, 46, NULL, NULL, NULL, 'testing', 0, NULL, 'amount', NULL, '0', 26.00, 113, 286, 2, 0.00, 2, NULL, 114, 1, NULL, NULL, 0, 0, NULL, '2023-05-19 10:09:15', '2023-05-20 12:25:19'),
(19, 'PO230829001', 133, 'joea@abatespackers.com', '2023-08-29 00:00:00', '2023-08-29 00:00:00', NULL, '2023-08-30 00:00:00', NULL, 49, 50, NULL, NULL, NULL, 'test', 0, NULL, 'amount', NULL, '0', 3.20, 113, 35.2, 1, 0.00, 4, NULL, NULL, 0, NULL, NULL, 0, 0, NULL, '2023-08-29 02:26:43', '2023-08-29 02:26:43'),
(20, 'PO230829002', 175, 'aw_maintenance@hotmail.com', '2023-08-29 00:00:00', '2023-08-29 00:00:00', NULL, '2023-08-30 00:00:00', NULL, 51, 52, NULL, NULL, NULL, 'test', 0, NULL, 'amount', NULL, '0', 3.20, 113, 35.2, 1, 0.00, 1, NULL, 114, 1, NULL, NULL, 0, 0, NULL, '2023-08-29 02:28:29', '2023-08-29 02:28:29'),
(21, 'PO230829003', 175, 'aw_maintenance@hotmail.com', '2023-08-29 00:00:00', '2023-08-29 00:00:00', NULL, '2023-08-30 00:00:00', NULL, 53, 54, NULL, NULL, NULL, 'test', 0, NULL, 'amount', NULL, '0', 3.20, 113, 35.2, 1, 0.00, 1, NULL, 114, 1, NULL, NULL, 0, 0, NULL, '2023-08-29 02:28:29', '2023-08-29 02:28:29'),
(22, 'PO230905001', 133, 'joea@abatespackers.com', '2023-09-05 00:00:00', '2023-09-05 00:00:00', NULL, '2023-09-06 00:00:00', NULL, 55, 56, NULL, NULL, NULL, 'test', 0, NULL, 'amount', NULL, '0', 1.50, 113, 16.5, 1, 0.00, 1, NULL, 114, 1, NULL, NULL, 0, 0, NULL, '2023-09-05 06:15:23', '2023-09-05 06:15:23');

-- --------------------------------------------------------

--
-- Table structure for table `order_items`
--

CREATE TABLE `order_items` (
  `id` int(11) NOT NULL,
  `order_id` int(11) NOT NULL,
  `product_id` int(11) NOT NULL,
  `product_name` varchar(90) DEFAULT NULL,
  `product_sku` varchar(40) DEFAULT NULL,
  `product_description` varchar(250) DEFAULT NULL,
  `quantity` int(11) NOT NULL DEFAULT 0,
  `rate` float NOT NULL DEFAULT 0,
  `price_by` enum('quantity','weight') NOT NULL DEFAULT 'weight',
  `total` float NOT NULL DEFAULT 0,
  `weight` float NOT NULL DEFAULT 0,
  `backqty` int(11) DEFAULT NULL,
  `backamount` decimal(7,2) DEFAULT NULL,
  `tax` decimal(5,2) DEFAULT NULL,
  `created_at` datetime NOT NULL,
  `updated_at` datetime NOT NULL,
  `original_rate` float DEFAULT NULL
) ENGINE=InnoDB DEFAULT CHARSET=utf8mb4 COLLATE=utf8mb4_unicode_ci;

--
-- Dumping data for table `order_items`
--

INSERT INTO `order_items` (`id`, `order_id`, `product_id`, `product_name`, `product_sku`, `product_description`, `quantity`, `rate`, `price_by`, `total`, `weight`, `backqty`, `backamount`, `tax`, `created_at`, `updated_at`, `original_rate`) VALUES
(2, 2, 1, 'Raw Chicken Meat', 'rcm', 'Raw Chicken Meat', 1, 110.375, 'quantity', 110.375, 0.453, NULL, NULL, 11.04, '2022-03-15 10:10:36', '2022-03-15 10:10:36', 50),
(5, 3, 2, 'Stew  Meat', 'sm', 'Stew  Meat', 3, 220.751, 'weight', 300, 1.359, NULL, NULL, 30.00, '2022-03-16 08:08:32', '2022-03-16 08:08:32', 220.751),
(6, 3, 1, 'Raw Chicken Meat', 'rcm', 'Raw Chicken Meat', 4, 110.375, 'quantity', 441.501, 1.812, NULL, NULL, 44.15, '2022-03-16 08:08:32', '2022-03-16 08:08:32', 50),
(7, 1, 1, 'Raw Chicken Meat', 'rcm', 'Raw Chicken Meat', 1, 110.375, 'quantity', 110.375, 4.53, NULL, NULL, 11.04, '2022-03-16 08:19:30', '2022-03-16 08:19:30', 50),
(11, 6, 2, 'Stew  Meat', 'sm', 'Stew  Meat', 50, 220.751, 'weight', 10000, 45.3, NULL, NULL, 999.99, '2022-03-21 07:55:50', '2022-03-21 07:55:50', 220.751),
(12, 7, 7, 'Fresh raw beef meat for sirloin steak.', 'frb', 'Fresh raw beef meat for sirloin steak.', 5, 242.826, 'weight', 5500, 22.65, NULL, NULL, 550.00, '2022-03-22 07:04:58', '2022-03-22 07:04:58', 242.826),
(13, 5, 2, 'Stew  Meat', 'sm', 'Stew  Meat', 10, 220.751, 'weight', 2000, 9.06, NULL, NULL, 200.00, '2022-03-23 10:04:34', '2022-03-23 10:04:34', 220.751),
(14, 8, 2, 'Stew  Meat', 'sm', NULL, 5, 220.751, 'weight', 0, 0, NULL, NULL, NULL, '2022-03-23 10:04:34', '2022-03-23 10:04:34', NULL),
(15, 9, 2, 'Stew  Meat', 'sm', 'Stew  Meat', 1, 220.75, 'weight', 99.3375, 0.45, NULL, NULL, 9.93, '2023-03-23 12:02:05', '2023-03-23 12:02:05', 220.751),
(16, 4, 1, 'Raw Chicken Meat', 'rcm', 'Raw Chicken Meat', 2, 50, 'quantity', 100, 0, NULL, NULL, 10.00, '2023-03-30 08:37:07', '2023-03-30 08:37:07', 10.26),
(17, 10, 11, 'Burn Rooster', '4br', 'boxes x 4pcs', 120, 8, 'quantity', 960, 120, NULL, NULL, 96.00, '2023-03-30 12:10:33', '2023-03-30 12:10:33', 8),
(19, 11, 5, 'White Broiler Fresh Chicken Meat For Restaurant', 'WBFC', 'hi we are running broiler chicken farm kerala ,chathanoor, kollam, we are now start to supply fresh chicken meat to hotel,catering, mess. Supply 24/7 our capacity regular 10000 kg fresh chicken supply.', 2, 296, 'weight', 6704.4, 22.65, NULL, NULL, 670.44, '2023-03-31 12:00:20', '2023-03-31 12:00:20', 286.976),
(20, 12, 6, 'Fresh Chicken Meat', 'FCM', 'Owing to the wide experience in this domain, we are instrumental in offering Fresh Chicken Meat to our clients', 1, 353.2, 'weight', 158.94, 0.45, NULL, NULL, 15.89, '2023-03-31 12:01:46', '2023-03-31 12:01:46', 353.201),
(22, 13, 2, 'Stew  Meat', 'sm', 'Stew  Meat', 1, 190, 'weight', 85.5, 0.45, NULL, NULL, 8.55, '2023-04-28 07:49:34', '2023-04-28 07:49:34', 220.751),
(23, 14, 2, 'Stew  Meat', 'sm', 'Stew  Meat', 1, 220.751, 'weight', 100, 0.453, NULL, NULL, 10.00, '2023-05-18 08:42:46', '2023-05-18 08:42:46', 220.751),
(24, 15, 5, 'White Broiler Fresh Chicken Meat For Restaurant', 'WBFC', 'hi we are running broiler chicken farm kerala ,chathanoor, kollam, we are now start to supply fresh chicken meat to hotel,catering, mess. Supply 24/7 our capacity regular 10000 kg fresh chicken supply.', 1, 286.98, 'weight', 3251.48, 11.33, NULL, NULL, 325.15, '2023-05-18 08:55:27', '2023-05-18 08:55:27', 286.976),
(25, 16, 5, 'White Broiler Fresh Chicken Meat For Restaurant', 'WBFC', 'hi we are running broiler chicken farm kerala ,chathanoor, kollam, we are now start to supply fresh chicken meat to hotel,catering, mess. Supply 24/7 our capacity regular 10000 kg fresh chicken supply.', 1, 286.976, 'weight', 3250, 11.325, NULL, NULL, 325.00, '2023-05-18 08:57:43', '2023-05-18 08:57:43', 286.976),
(26, 18, 2, 'Stew  Meat', 'sm', 'Stew  Meat', 1, 220.751, 'weight', 100, 0.453, NULL, NULL, 10.00, '2023-05-19 10:09:15', '2023-05-19 10:09:15', 220.751),
(27, 18, 6, 'Fresh Chicken Meat', 'FCM', 'Owing to the wide experience in this domain, we are instrumental in offering Fresh Chicken Meat to our clients', 1, 353.201, 'weight', 160, 0.453, NULL, NULL, 16.00, '2023-05-19 10:09:15', '2023-05-19 10:09:15', 353.201),
(28, 19, 12, 'Singed Rooster best', '4u', '1 box x 4pcs Custom', 1, 8, 'weight', 32, 4, NULL, NULL, 3.20, '2023-08-29 02:26:43', '2023-08-29 02:26:43', 8),
(29, 20, 12, 'Singed Rooster large', '4u', '1 box x 4pcs large', 1, 8, 'weight', 32, 4, NULL, NULL, 3.20, '2023-08-29 02:28:29', '2023-08-29 02:28:29', 8),
(30, 21, 12, 'Singed Rooster large', '4u', '1 box x 4pcs large', 1, 8, 'weight', 32, 4, NULL, NULL, 3.20, '2023-08-29 02:28:29', '2023-08-29 02:28:29', 8),
(31, 22, 17, 'TEST2', 'TEST', 'testing the order process', 1, 15, 'weight', 15, 1, NULL, NULL, 1.50, '2023-09-05 06:15:23', '2023-09-05 06:15:23', 15);

-- --------------------------------------------------------

--
-- Table structure for table `order_payments`
--

CREATE TABLE `order_payments` (
  `id` int(11) NOT NULL,
  `reference_id` varchar(200) NOT NULL,
  `order_id` int(11) NOT NULL,
  `payment_date` date NOT NULL,
  `payment_method` int(11) NOT NULL,
  `amount_received` decimal(7,2) NOT NULL,
  `memo` text DEFAULT NULL,
  `created_at` datetime NOT NULL,
  `updated_at` datetime NOT NULL
) ENGINE=InnoDB DEFAULT CHARSET=utf8mb4 COLLATE=utf8mb4_unicode_ci;

--
-- Dumping data for table `order_payments`
--

INSERT INTO `order_payments` (`id`, `reference_id`, `order_id`, `payment_date`, `payment_method`, `amount_received`, `memo`, `created_at`, `updated_at`) VALUES
(1, '220316031410', 1, '2022-03-16', 1, 115.91, NULL, '2022-03-16 03:14:10', '2022-03-16 03:14:10'),
(2, '230321125916', 6, '2023-03-21', 1, 2200.00, NULL, '2023-03-21 12:59:16', '2023-03-21 12:59:16'),
(3, '230321125957', 2, '2023-03-21', 1, 815.65, NULL, '2023-03-21 12:59:57', '2023-03-21 12:59:57'),
(4, '230321130105', 3, '2023-03-21', 1, 115.91, NULL, '2023-03-21 13:01:05', '2023-03-21 13:01:05'),
(5, '230330115006', 8, '2023-03-30', 1, 110.00, NULL, '2023-03-30 11:50:06', '2023-03-30 11:50:06'),
(6, '230406123452', 11, '2023-04-06', 1, 174.83, NULL, '2023-04-06 12:34:52', '2023-04-06 12:34:52'),
(7, '230518085553', 13, '2023-05-18', 2, 3576.63, NULL, '2023-05-18 08:55:53', '2023-05-18 08:55:53');

-- --------------------------------------------------------

--
-- Table structure for table `order_statuses`
--

CREATE TABLE `order_statuses` (
  `id` int(11) NOT NULL,
  `name` varchar(20) NOT NULL,
  `action` varchar(200) NOT NULL,
  `description` varchar(150) DEFAULT NULL,
  `created_at` datetime NOT NULL,
  `updated_at` datetime NOT NULL
) ENGINE=InnoDB DEFAULT CHARSET=utf8mb4 COLLATE=utf8mb4_unicode_ci;

--
-- Dumping data for table `order_statuses`
--

INSERT INTO `order_statuses` (`id`, `name`, `action`, `description`, `created_at`, `updated_at`) VALUES
(-1, 'Cancelled', 'Delete Order', 'Order deleted', '2021-08-30 18:50:10', '2021-08-30 18:50:10'),
(0, 'Backorder', 'Backorder', 'Order flagged as backorder', '2021-10-22 10:25:52', '2021-10-22 10:25:52'),
(1, 'New Order', 'Pending', 'New purchase order (PO)', '2020-11-19 13:19:11', '2020-11-19 13:19:11'),
(2, 'Accepted', 'Accept Order', 'Order is accepted for processing', '2020-11-19 13:19:11', '2020-11-19 13:19:11'),
(3, 'Processing', 'Process Order', 'Order is being processed', '2020-11-19 13:19:11', '2020-11-19 13:19:11'),
(4, 'Ready', 'Assign Driver', 'Order is ready and invoice generated', '2020-11-19 13:19:11', '2020-11-19 13:19:11'),
(5, 'Dispatching', 'Generate Run sheet ', 'Order is loaded in truck to despatch', '2020-11-19 13:19:11', '2020-11-19 13:19:11'),
(6, 'Delivered', 'Mark Delivered', 'Order delivered', '2020-11-19 13:19:11', '2020-11-19 13:19:11');

-- --------------------------------------------------------

--
-- Table structure for table `password_resets`
--

CREATE TABLE `password_resets` (
  `email` varchar(255) NOT NULL,
  `token` varchar(255) NOT NULL,
  `created_at` timestamp NULL DEFAULT NULL
) ENGINE=InnoDB DEFAULT CHARSET=utf8mb4 COLLATE=utf8mb4_unicode_ci;

-- --------------------------------------------------------

--
-- Table structure for table `payment_methods`
--

CREATE TABLE `payment_methods` (
  `id` int(11) NOT NULL,
  `name` varchar(200) NOT NULL,
  `status` tinyint(1) NOT NULL,
  `created_at` datetime NOT NULL,
  `updated_at` datetime NOT NULL
) ENGINE=InnoDB DEFAULT CHARSET=utf8mb4 COLLATE=utf8mb4_unicode_ci;

--
-- Dumping data for table `payment_methods`
--

INSERT INTO `payment_methods` (`id`, `name`, `status`, `created_at`, `updated_at`) VALUES
(1, 'Cash On Delivery', 1, '2021-08-17 15:21:33', '2021-08-17 15:21:33'),
(2, 'Cash', 1, '2021-08-17 15:21:33', '2021-08-17 15:21:33'),
(3, 'Credit', 1, '2021-08-17 15:22:45', '2021-08-17 15:22:45');

-- --------------------------------------------------------

--
-- Table structure for table `payment_terms`
--

CREATE TABLE `payment_terms` (
  `id` int(11) NOT NULL,
  `name` varchar(200) NOT NULL,
  `value` int(11) NOT NULL,
  `created_at` datetime NOT NULL,
  `updated_at` datetime NOT NULL
) ENGINE=InnoDB DEFAULT CHARSET=utf8mb4 COLLATE=utf8mb4_unicode_ci;

--
-- Dumping data for table `payment_terms`
--

INSERT INTO `payment_terms` (`id`, `name`, `value`, `created_at`, `updated_at`) VALUES
(1, '7 Days', 7, '2021-08-17 15:32:35', '2021-08-17 15:32:35'),
(2, '15 Days', 15, '2021-08-17 15:32:35', '2021-08-17 15:32:35'),
(3, '30 Days', 30, '2021-08-17 15:33:14', '2021-08-17 15:33:14');

-- --------------------------------------------------------

--
-- Table structure for table `permissions`
--

CREATE TABLE `permissions` (
  `id` bigint(20) UNSIGNED NOT NULL,
  `name` varchar(255) NOT NULL,
  `guard_name` varchar(255) NOT NULL,
  `created_at` timestamp NULL DEFAULT NULL,
  `updated_at` timestamp NULL DEFAULT NULL
) ENGINE=InnoDB DEFAULT CHARSET=utf8mb4 COLLATE=utf8mb4_unicode_ci;

--
-- Dumping data for table `permissions`
--

INSERT INTO `permissions` (`id`, `name`, `guard_name`, `created_at`, `updated_at`) VALUES
(1, 'Customer Create', 'admin', '2020-11-02 02:13:04', '2020-11-02 02:13:04'),
(3, 'Create Product', 'admin', '2020-11-03 14:42:42', '2020-11-03 14:42:42'),
(4, 'Edit Product', 'admin', '2020-11-03 17:26:41', '2020-11-03 17:26:41'),
(5, 'Delete Product', 'admin', '2020-11-03 17:27:07', '2020-11-03 17:27:07'),
(6, 'Customer Edit', 'admin', '2020-11-03 17:30:47', '2020-11-03 17:30:47'),
(7, 'Customer Delete', 'admin', '2020-11-03 17:31:10', '2020-11-03 17:31:10'),
(8, 'Customer View', 'admin', '2020-11-03 17:31:56', '2020-11-03 17:31:56'),
(9, 'View Product', 'admin', '2020-11-03 17:32:24', '2020-11-03 17:32:24'),
(10, 'Staff Create', 'admin', '2020-11-03 19:32:29', '2020-11-03 19:32:29'),
(11, 'Staff View', 'admin', '2020-11-03 19:32:49', '2020-11-03 19:32:49'),
(12, 'Staff Edit', 'admin', '2020-11-03 19:33:14', '2020-11-03 19:33:14'),
(13, 'Staff Delete', 'admin', '2020-11-03 19:33:32', '2020-11-03 19:33:32'),
(14, 'Inventory Create', 'admin', '2020-11-03 19:42:49', '2020-11-03 19:42:49'),
(15, 'Inventory View', 'admin', '2020-11-03 19:43:16', '2020-11-03 19:43:16'),
(16, 'Inventory Edit', 'admin', '2020-11-03 19:43:47', '2020-11-03 19:43:47'),
(17, 'Inventory Delete', 'admin', '2020-11-03 19:44:58', '2020-11-03 19:44:58'),
(18, 'Warehouse Create', 'admin', '2020-11-03 20:53:30', '2020-11-03 20:53:30'),
(19, 'Warehouse Edit', 'admin', '2020-11-03 20:53:48', '2020-11-03 20:53:48'),
(20, 'Warehouse View', 'admin', '2020-11-03 20:54:11', '2020-11-03 20:54:11'),
(21, 'Warehouse Delete', 'admin', '2020-11-03 20:54:30', '2020-11-03 20:54:30'),
(22, 'Stock View', 'admin', '2020-11-03 20:59:56', '2020-11-03 20:59:56'),
(23, 'Settings', 'admin', '2020-11-03 21:33:57', '2020-11-03 21:33:57'),
(24, 'Roles And Permissions', 'admin', '2020-11-03 21:36:12', '2020-11-03 21:36:12'),
(25, 'Email', 'admin', '2020-11-03 21:37:44', '2020-11-03 21:37:44'),
(26, 'Category Create', 'admin', '2020-11-04 13:48:08', '2020-11-04 13:48:08'),
(27, 'Category View', 'admin', '2020-11-04 13:48:28', '2020-11-04 13:48:28'),
(28, 'Category Edit', 'admin', '2020-11-04 13:48:47', '2020-11-04 13:48:47'),
(29, 'Category Delete', 'admin', '2020-11-04 13:49:11', '2020-11-04 13:49:11'),
(30, 'Order View', 'admin', '2020-11-04 13:55:56', '2020-11-04 13:55:56'),
(31, 'Order Create', 'admin', '2020-11-04 13:56:46', '2020-11-04 13:56:46'),
(32, 'Order Delete', 'admin', '2020-11-04 13:57:06', '2020-11-04 13:57:06'),
(33, 'Order Edit', 'admin', '2020-11-04 13:57:34', '2020-11-04 13:57:34'),
(34, 'Invoices View', 'admin', '2020-11-04 14:26:28', '2020-11-04 14:26:28'),
(35, 'Invoices Create', 'admin', '2020-11-04 14:36:38', '2020-11-04 14:36:38'),
(36, 'Invoices Edit', 'admin', '2020-11-04 14:37:11', '2020-11-04 14:37:11'),
(37, 'Invoices Delete', 'admin', '2020-11-04 14:37:40', '2020-11-04 14:37:40'),
(38, 'Unpaid Invoices View', 'admin', '2020-11-04 14:48:10', '2020-11-04 14:48:10'),
(39, 'Pending Order View', 'admin', '2020-11-04 14:52:02', '2020-11-04 14:52:02'),
(40, 'Compare Order Stock', 'admin', '2021-09-17 19:34:50', '2021-09-17 19:34:54'),
(41, 'Purchase Order View', 'admin', '2022-03-17 18:34:48', '2022-03-17 18:34:48'),
(42, 'Backorder View', 'admin', '2022-03-17 18:34:48', '2022-03-17 18:34:48'),
(43, 'Settings', 'admin', '2022-03-21 20:00:25', '2022-03-21 20:00:25'),
(44, 'UnitType List', 'admin', '2022-03-21 20:12:45', '2022-03-21 20:12:45'),
(45, 'Weight', 'admin', '2022-03-21 20:12:45', '2022-03-21 20:12:45'),
(46, 'Make Payment', 'admin', '2022-03-21 23:13:50', '2022-03-21 23:13:50'),
(47, 'Backorder Accept', 'admin', '2022-03-21 23:46:30', '2022-03-21 23:46:30'),
(48, 'Assign Driver', 'admin', '2022-03-21 23:58:37', '2022-03-21 23:58:37'),
(49, 'Delivery', 'admin', '2022-03-21 23:58:37', '2022-03-21 23:58:37'),
(50, 'Customertype Add', 'admin', '2022-03-22 00:10:50', '2022-03-22 00:10:50'),
(51, 'Customertype Edit', 'admin', '2022-03-22 00:10:50', '2022-03-22 00:10:50'),
(52, 'Customertype Delete', 'admin', '2022-03-22 00:10:50', '2022-03-22 00:10:50'),
(53, 'Customertype View', 'admin', '2022-03-22 00:10:50', '2022-03-22 00:10:50');

-- --------------------------------------------------------

--
-- Table structure for table `products`
--

CREATE TABLE `products` (
  `id` int(11) NOT NULL,
  `name` varchar(50) NOT NULL,
  `sku` varchar(100) NOT NULL,
  `description` text NOT NULL,
  `category_id` int(11) NOT NULL,
  `weight` float NOT NULL DEFAULT 0,
  `price` float NOT NULL DEFAULT 0,
  `picture` varchar(200) DEFAULT NULL,
  `qty` int(10) NOT NULL DEFAULT 0,
  `unit` int(11) DEFAULT NULL,
  `unittype` varchar(20) NOT NULL,
  `price_by` enum('quantity','weight') NOT NULL DEFAULT 'quantity',
  `status` tinyint(1) DEFAULT 1,
  `created_at` datetime NOT NULL,
  `updated_at` datetime NOT NULL
) ENGINE=InnoDB DEFAULT CHARSET=utf8mb4 COLLATE=utf8mb4_unicode_ci;

--
-- Dumping data for table `products`
--

INSERT INTO `products` (`id`, `name`, `sku`, `description`, `category_id`, `weight`, `price`, `picture`, `qty`, `unit`, `unittype`, `price_by`, `status`, `created_at`, `updated_at`) VALUES
(11, 'Unsinged Rooster', '4br', '1 box x 4pcs', 3, 4, 8, NULL, 1500, 4, '6', 'quantity', 1, '2023-03-28 14:03:34', '2023-06-16 13:02:13'),
(12, 'Singed Rooster', '4u', '1 box x 4pcs', 3, 4, 8, NULL, 1200, 4, '27', 'weight', 1, '2023-03-30 12:45:37', '2023-06-16 13:01:46'),
(18, 'Singed Stewing Hen', '16B', 'Boxes x 16pcs=', 3, 1, 4.25, NULL, 0, 1, '27', 'quantity', 1, '2023-08-15 13:54:17', '2023-08-15 13:54:17'),
(19, 'Unsinged Stewing Hen', '16u', 'Boxes x 16pcs=', 3, 1, 4.25, NULL, 17, 1, '27', 'quantity', 1, '2023-08-15 13:55:37', '2023-08-15 13:56:50'),
(20, 'Utility Rooster', 'Util4R', 'Boxes x 4pcs=', 3, 1, 4, NULL, 0, 1, '27', 'weight', 1, '2023-09-19 13:00:25', '2023-09-19 13:00:25'),
(21, 'Utility Stewing Hen', 'Util16SH', 'Boxes x 16pcs=', 3, 1, 3, NULL, 0, 1, '27', 'weight', 1, '2023-09-19 13:02:26', '2023-09-19 13:02:26'),
(22, 'Heavy Hen Singed', '8b', 'Boxes 8pcs=', 3, 1, 8, NULL, 0, 1, '27', 'weight', 1, '2023-09-19 13:03:14', '2023-09-19 13:03:14'),
(23, 'Heavy Hen Unsinged', '8u', 'Boxes x 8pcs=', 1, 1, 8, NULL, 0, 1, '27', 'weight', 1, '2023-09-19 13:03:56', '2023-09-19 13:03:56'),
(24, 'Utility Heavy Hen', 'Util8HH', 'Boxes x 8pcs=', 3, 1, 4, NULL, 0, 1, '27', 'weight', 1, '2023-09-19 13:05:16', '2023-09-19 13:05:16'),
(25, 'Drake', 'D5', 'Boxes x 5pcs=', 3, 1, 30, NULL, 0, 1, '27', 'weight', 1, '2023-09-19 13:05:58', '2023-09-19 13:05:58'),
(26, 'Duck Hen', 'DH10', 'Boxes x 10pcs=', 3, 1, 20, NULL, 0, 1, '27', 'weight', 1, '2023-09-19 13:06:48', '2023-09-19 13:06:48'),
(27, 'X Drake', 'XD5', 'Boxes x 5pcs=', 3, 1, 30, NULL, 0, 1, '27', 'weight', 1, '2023-09-19 13:07:57', '2023-09-19 13:07:57'),
(28, 'Breeder Drake', '4D', 'Boxes x 4pcs=', 3, 1, 25, NULL, 0, 1, '27', 'weight', 1, '2023-09-19 13:08:57', '2023-09-19 13:08:57'),
(29, 'Duck Liver', 'DL', 'Boxes=/kg', 3, 1, 2.2, NULL, 0, 1, '20', 'weight', 1, '2023-09-19 13:10:10', '2023-09-19 13:10:10'),
(30, 'Duck Feet Small', 'DFS', 'Boxes=/kg', 3, 1, 2.75, NULL, 0, 1, '20', 'weight', 1, '2023-09-19 13:11:20', '2023-09-19 13:11:20'),
(31, 'Duck Head', 'DH', 'Boxes=', 3, 1, 25, NULL, 0, 1, '6', 'weight', 1, '2023-09-19 13:12:12', '2023-09-19 13:12:12'),
(32, 'Duck Feet Big', 'DFB', 'Boxes=/kg', 3, 1, 2.75, NULL, 0, 1, '20', 'weight', 1, '2023-09-19 13:13:24', '2023-09-19 13:13:24'),
(33, 'Water Duck', 'WD', 'Boxes x 25pcs=', 3, 1, 19, NULL, 0, 1, '27', 'weight', 1, '2023-09-19 13:14:15', '2023-09-19 13:14:15'),
(34, 'Fowl Legs', 'FL', 'Boxes=', 3, 1, 20, NULL, 0, 1, '6', 'weight', 1, '2023-09-19 13:15:19', '2023-09-19 13:15:19'),
(35, 'Fowl Wings', 'FW', 'Boxes=', 3, 1, 20, NULL, 0, 1, '6', 'weight', 1, '2023-09-19 13:15:50', '2023-09-19 13:15:50'),
(36, 'Big Turkeys', 'BT', 'Boxes=/kg', 3, 1, 3.75, NULL, 0, 1, '20', 'weight', 1, '2023-09-19 13:16:51', '2023-09-19 13:16:51'),
(37, 'Small Turkeys', 'ST', 'Boxes=/kg', 3, 1, 3.75, NULL, 0, 1, '20', 'weight', 1, '2023-09-19 13:17:32', '2023-09-19 13:17:32'),
(38, 'Singed Soft Chicken', 'BSC', 'Boxes=/kg', 3, 1, 6.25, NULL, 0, 1, '20', 'weight', 1, '2023-09-19 13:22:18', '2023-09-19 13:23:38'),
(39, 'Unsinged Soft Chicken', 'UBSC', 'Boxes=/kg', 3, 1, 5.4, NULL, 0, 1, '20', 'weight', 1, '2023-09-19 13:23:20', '2023-09-19 13:23:20'),
(40, 'Organic Chicken', 'OC', 'Boxes=/kg', 3, 1, 13, NULL, 0, 1, '20', 'weight', 1, '2023-09-19 13:26:19', '2023-09-19 13:26:19'),
(41, 'Chicken Leg Skin Off', 'CLSO', 'Boxes=/kg', 3, 1, 4.4, NULL, 0, 1, '20', 'weight', 1, '2023-09-19 13:36:08', '2023-09-19 13:36:08'),
(42, 'Chicken Leg Skin Off', 'CLSF', 'Boxes=/kg', 1, 1, 4.8, NULL, 0, 1, '20', 'weight', 1, '2023-09-19 13:36:50', '2023-09-19 13:36:50'),
(43, 'Chicken Drumstick Skin On', 'CDSO', 'Boxes=/kg', 3, 1, 4.5, NULL, 0, 1, '20', 'weight', 1, '2023-09-19 13:37:53', '2023-09-19 13:37:53'),
(44, 'Chicken Drumstick Skin Off', 'CDSF', 'Boxes=/kg', 3, 1, 4.8, NULL, 0, 1, '20', 'weight', 1, '2023-09-19 13:38:42', '2023-09-19 13:38:42'),
(45, 'Chicken Wings', 'CW', 'Boxes=/kg', 3, 1, 7, NULL, 0, 1, '20', 'weight', 1, '2023-09-19 13:39:28', '2023-09-19 13:39:28'),
(46, 'Chicken Wings Split', 'SPW', 'Boxes=/kg', 3, 1, 8, NULL, 0, 1, '20', 'weight', 1, '2023-09-19 13:40:06', '2023-09-19 13:40:06'),
(47, 'Boneless Breast', 'BB', 'Boxes x 25/kg=', 3, 1, 10, NULL, 0, 1, '20', 'weight', 1, '2023-09-19 13:40:55', '2023-09-19 13:40:55'),
(48, 'Boneless Leg', 'BL', 'Boxes x 25/kg=', 3, 1, 8.7, NULL, 0, 1, '20', 'weight', 1, '2023-09-19 13:42:43', '2023-09-19 13:42:43'),
(49, 'Boneless Leg Skin On', 'BLSK', 'Boxes x 25/kg=', 3, 1, 8.5, NULL, 0, 1, '20', 'weight', 1, '2023-09-19 13:43:26', '2023-09-19 13:43:26'),
(50, 'Ground Chicken Keema', 'GCK', 'Boxes=/kg', 3, 1, 11.5, NULL, 0, 1, '20', 'weight', 1, '2023-09-19 13:44:53', '2023-09-19 13:44:53'),
(51, 'Ground Chicken Breast Keema', 'GCB', 'Boxes=/kg', 3, 1, 12.5, NULL, 0, 1, '20', 'weight', 1, '2023-09-19 13:45:41', '2023-09-19 13:45:41'),
(52, 'Chicken Liver', 'CL', 'Boxes=/kg', 3, 1, 3.5, NULL, 0, 1, '20', 'weight', 1, '2023-09-19 13:46:19', '2023-09-19 13:46:19'),
(53, 'Chicken Neck', 'CN', 'Boxes=/kg', 3, 1, 2.5, NULL, 0, 1, '20', 'weight', 1, '2023-09-19 13:46:55', '2023-09-19 13:46:55'),
(54, 'Chicken Feet', 'CF', 'Boxes=/kg', 3, 1, 4.5, NULL, 0, 1, '20', 'weight', 1, '2023-09-19 13:47:40', '2023-09-19 13:47:40'),
(55, 'Chicken Heart', 'CH', 'Boxes=/kg', 3, 1, 3, NULL, 0, 1, '20', 'weight', 1, '2023-09-19 13:48:12', '2023-09-19 13:48:12'),
(56, 'Butterfly Breast', 'BF', 'Boxes x 25/kg=', 3, 1, 0, NULL, 0, 1, '20', 'weight', 1, '2023-09-19 13:48:53', '2023-09-19 13:48:53'),
(57, 'Yellow Chicken BBQ', 'YC', 'Boxes=/kg', 3, 1, 7.5, NULL, 0, 1, '20', 'weight', 1, '2023-09-19 13:49:40', '2023-09-19 13:49:40'),
(58, 'Yellow Whole Fryer', 'YF', 'Boxes=/kg', 1, 1, 6.5, NULL, 0, 1, '20', 'weight', 1, '2023-09-19 13:50:32', '2023-09-19 13:50:32'),
(59, 'White Legs', 'WL', 'Boxes=/kg', 3, 1, 4.6, NULL, 0, 1, '20', 'weight', 1, '2023-09-19 13:52:40', '2023-09-19 13:52:40'),
(60, 'White Whole Fryer', 'WWF', 'Boxes=/kg', 3, 1, 5.6, NULL, 0, 1, '20', 'weight', 1, '2023-09-19 13:53:10', '2023-09-19 13:53:10'),
(61, 'Utility Turkey', 'UtilTurk', 'Boxes=/kg', 3, 1, 3.2, NULL, 0, 1, '20', 'weight', 1, '2023-09-19 13:54:50', '2023-09-19 13:54:50'),
(62, 'Beef Liver', 'BLiv', 'Boxes=/kg', 1, 1, 0, NULL, 0, 1, '20', 'weight', 1, '2023-09-19 14:07:23', '2023-09-19 14:07:23'),
(63, 'Oxtail', 'OXT', 'Boxes=/lb', 1, 1, 7.5, NULL, 0, 1, '43', 'weight', 1, '2023-09-19 14:07:59', '2023-09-19 14:07:59'),
(64, 'Burn Cow Feet', 'BCF', 'Boxes=/lb', 1, 1, 4, NULL, 0, 1, '43', 'weight', 1, '2023-09-19 14:09:12', '2023-09-19 14:09:12'),
(65, 'Lamb Whole (ON) 30/35', 'LW3035', 'Boxes=/lb', 1, 1, 9.5, NULL, 0, 1, '43', 'weight', 1, '2023-09-20 13:03:01', '2023-09-20 13:04:25'),
(66, 'Lamb Whole (ON) 50/60/', 'LW5060', 'Boxes=/lb', 1, 1, 8.5, NULL, 0, 1, '43', 'weight', 1, '2023-09-20 13:04:04', '2023-09-20 13:04:04'),
(67, 'Boneless Lamb', 'BLAM', 'Boxes=/lb', 1, 1, 9.5, NULL, 0, 1, '43', 'weight', 1, '2023-09-20 13:05:27', '2023-09-20 13:05:27'),
(68, 'Lamb Shoulder (Fresh)', 'LSH', 'Boxes=/lb', 1, 1, 8.5, NULL, 0, 1, '43', 'weight', 1, '2023-09-20 13:06:13', '2023-09-20 13:08:26'),
(69, 'Lamb Ribs', 'LRibs', 'Boxes=/lb', 1, 1, 8.5, NULL, 0, 1, '43', 'weight', 1, '2023-09-20 13:06:54', '2023-09-20 13:06:54'),
(70, 'Lamb Leg (NZ)', 'LLNZ', 'Boxes=/lb', 1, 1, 7.5, NULL, 0, 1, '43', 'weight', 1, '2023-09-20 13:07:39', '2023-09-20 13:07:39'),
(71, 'Lamb Shoulder (NZ)', 'LSHNZ', 'Boxes=/lb', 1, 1, 9.5, NULL, 0, 1, '43', 'weight', 1, '2023-09-20 13:09:23', '2023-09-20 13:09:23'),
(72, 'Lamb Chops', 'LCHOP', 'Boxes=/lb', 1, 1, 12, NULL, 0, 1, '43', 'weight', 1, '2023-09-20 13:10:09', '2023-09-20 13:10:09'),
(73, 'Lamb Leg (ON)', 'LLON', 'Boxes=/lb', 1, 1, 12, NULL, 0, 1, '43', 'weight', 1, '2023-09-20 13:10:55', '2023-09-20 13:10:55'),
(74, 'Ground Lamb', 'GL', 'Boxes=/lb', 1, 1, 13, NULL, 0, 1, '43', 'weight', 1, '2023-09-20 13:11:37', '2023-09-20 13:11:37'),
(75, 'Lamb Small (Frozen)', 'LSFrz', 'Boxes=/lb', 1, 1, 8, NULL, 0, 1, '43', 'weight', 1, '2023-09-20 13:12:16', '2023-09-20 13:12:16'),
(76, 'Goat Fresh Ram 30/35', 'GFR3035', 'Boxes=/lb', 1, 1, 11, NULL, 0, 1, '43', 'weight', 1, '2023-09-20 13:13:35', '2023-09-20 13:13:35'),
(77, 'Goat Fresh Nanny 60/70', 'GFN', 'Boxes=/lb', 1, 1, 7.5, NULL, 0, 1, '43', 'weight', 1, '2023-09-20 13:14:13', '2023-09-20 13:14:13'),
(78, 'Goat Kid 30/40', 'GK3040', 'Boxes=/lb', 1, 1, 9.5, NULL, 0, 1, '43', 'weight', 1, '2023-09-20 13:14:53', '2023-09-20 13:14:53'),
(79, 'Goat Baby Under 30', 'GBU', 'Boxes=/lb', 1, 1, 9.5, NULL, 0, 1, '43', 'weight', 1, '2023-09-20 13:15:45', '2023-09-20 13:15:45'),
(80, 'Big Ram 60/70', 'BR6070', 'Boxes=/lb', 1, 1, 11, NULL, 0, 1, '43', 'weight', 1, '2023-09-20 13:16:30', '2023-09-20 13:16:30'),
(81, 'Goat Frozen', 'GF', 'Boxes=/lb', 1, 1, 7.5, NULL, 0, 1, '43', 'weight', 1, '2023-09-20 13:17:10', '2023-09-20 13:17:10'),
(82, 'Goat Legs Frozen', 'GLF', 'Boxes=/lb', 1, 1, 9.5, NULL, 0, 1, '43', 'weight', 1, '2023-09-20 13:17:44', '2023-09-20 13:17:44'),
(83, 'Goat Shoulder Frozen', 'GSF', 'Boxes=/lb', 1, 1, 7.5, NULL, 0, 1, '43', 'weight', 1, '2023-09-20 13:18:38', '2023-09-20 13:18:38'),
(84, 'Goat Tripe', 'GT', 'Boxes=/lb', 1, 1, 4.5, NULL, 0, 1, '43', 'weight', 1, '2023-09-20 13:19:18', '2023-09-20 13:19:18'),
(85, 'Goat Leg (Fresh)', 'GLFr', 'Boxes=/lb', 1, 1, 14, NULL, 0, 1, '43', 'weight', 1, '2023-09-20 13:20:11', '2023-09-20 13:20:11'),
(86, 'Goat Chops', 'GC', 'Boxes=/lb', 1, 1, 11.5, NULL, 0, 1, '43', 'weight', 1, '2023-09-20 13:20:58', '2023-09-20 13:20:58'),
(87, 'Cut Up Goat Frozen', 'CUGF', 'Boxes=/lb', 1, 1, 7.5, NULL, 0, 1, '43', 'weight', 1, '2023-09-20 13:21:51', '2023-09-20 13:21:51'),
(88, 'Cut Up Goat Baby Fresh', 'CUGBF', 'Boxes=/lb', 1, 1, 10.5, NULL, 0, 1, '43', 'weight', 1, '2023-09-20 13:22:56', '2023-09-20 13:22:56'),
(89, 'Cut Up Goat Adult Fresh', 'CUGAF', 'Boxes=/lb', 1, 1, 7.5, NULL, 0, 1, '43', 'weight', 1, '2023-09-20 13:23:41', '2023-09-20 13:23:41'),
(90, 'Mutton Fresh 50/60', 'MF50/60', 'Boxes=/lb', 1, 1, 7, NULL, 0, 1, '43', 'weight', 1, '2023-09-20 13:48:53', '2023-09-20 13:48:53');

-- --------------------------------------------------------

--
-- Table structure for table `provinces`
--

CREATE TABLE `provinces` (
  `id` int(11) NOT NULL,
  `name` varchar(50) NOT NULL,
  `shortcode` varchar(2) NOT NULL,
  `created_at` datetime NOT NULL,
  `updated_at` datetime NOT NULL
) ENGINE=InnoDB DEFAULT CHARSET=utf8mb4 COLLATE=utf8mb4_unicode_ci;

--
-- Dumping data for table `provinces`
--

INSERT INTO `provinces` (`id`, `name`, `shortcode`, `created_at`, `updated_at`) VALUES
(1, 'Alberta', 'AB', '2020-10-22 14:33:25', '2020-10-22 14:33:25'),
(2, 'British Columbia', 'BC', '2020-10-22 14:33:25', '2020-10-22 14:33:25'),
(3, 'Manitoba', 'MB', '2020-10-22 14:41:18', '2020-10-22 14:41:18'),
(4, 'New Brunswick', 'NB', '2020-10-22 14:41:18', '2020-10-22 14:41:18'),
(5, 'Ontario', 'ON', '2020-10-22 15:02:31', '2020-10-22 15:02:31'),
(6, 'Newfoundland and Labrador', 'NL', '2020-10-27 18:03:59', '2020-10-27 18:03:59'),
(7, 'Northwest Territories', 'NT', '2020-10-27 18:03:59', '2020-10-27 18:03:59'),
(8, 'Nova Scotia', 'NS', '2020-10-27 18:05:54', '2020-10-27 18:05:54'),
(9, 'Nunavut', 'NV', '2020-10-27 18:05:54', '2020-10-27 18:05:54'),
(10, 'Prince Edward Island', 'PE', '2020-10-27 18:05:54', '2020-10-27 18:05:54'),
(11, 'Quebec', 'QU', '2020-10-27 18:05:54', '2020-10-27 18:05:54');

-- --------------------------------------------------------

--
-- Table structure for table `roles`
--

CREATE TABLE `roles` (
  `id` bigint(20) UNSIGNED NOT NULL,
  `name` varchar(255) NOT NULL,
  `guard_name` varchar(255) NOT NULL,
  `created_at` timestamp NULL DEFAULT NULL,
  `updated_at` timestamp NULL DEFAULT NULL
) ENGINE=InnoDB DEFAULT CHARSET=utf8mb4 COLLATE=utf8mb4_unicode_ci;

--
-- Dumping data for table `roles`
--

INSERT INTO `roles` (`id`, `name`, `guard_name`, `created_at`, `updated_at`) VALUES
(3, 'Driver', 'admin', '2020-11-01 13:14:50', '2021-10-26 09:17:37'),
(4, 'Manager Edited', 'admin', '2020-11-01 13:15:14', '2020-11-01 13:15:14'),
(5, 'Sales Representative', 'admin', '2020-11-01 13:15:28', '2020-11-01 13:18:24'),
(6, 'Customer Support', 'admin', '2020-11-01 13:18:58', '2020-11-01 13:45:56'),
(10, 'Admin', 'admin', '2020-11-03 17:14:35', '2020-11-03 17:14:35'),
(12, 'Warehouse Staff', 'admin', '2021-09-03 18:41:12', '2021-09-03 18:41:12');

-- --------------------------------------------------------

--
-- Table structure for table `role_has_permissions`
--

CREATE TABLE `role_has_permissions` (
  `permission_id` bigint(20) UNSIGNED NOT NULL,
  `role_id` bigint(20) UNSIGNED NOT NULL
) ENGINE=InnoDB DEFAULT CHARSET=utf8mb4 COLLATE=utf8mb4_unicode_ci;

--
-- Dumping data for table `role_has_permissions`
--

INSERT INTO `role_has_permissions` (`permission_id`, `role_id`) VALUES
(1, 3),
(1, 10),
(3, 3),
(3, 10),
(4, 3),
(4, 10),
(5, 3),
(5, 10),
(6, 3),
(6, 10),
(7, 10),
(8, 3),
(8, 10),
(9, 3),
(9, 10),
(10, 3),
(10, 10),
(11, 10),
(12, 10),
(13, 10),
(14, 10),
(15, 10),
(16, 10),
(17, 10),
(18, 10),
(19, 10),
(20, 10),
(21, 10),
(22, 10),
(23, 10),
(24, 10),
(25, 10),
(26, 10),
(27, 10),
(28, 10),
(29, 10),
(30, 5),
(30, 6),
(30, 10),
(31, 10),
(32, 10),
(33, 10),
(34, 10),
(35, 10),
(36, 10),
(37, 10),
(38, 10),
(39, 10),
(40, 10),
(40, 12),
(41, 10),
(42, 10),
(43, 10),
(43, 12),
(44, 10),
(45, 10),
(46, 10),
(47, 10),
(48, 10),
(49, 10),
(50, 10),
(51, 10),
(52, 10),
(53, 10);

-- --------------------------------------------------------

--
-- Table structure for table `routes`
--

CREATE TABLE `routes` (
  `id` int(11) NOT NULL,
  `name` varchar(100) NOT NULL,
  `city` varchar(100) NOT NULL,
  `places` text NOT NULL,
  `created_at` datetime NOT NULL,
  `updated_at` datetime NOT NULL
) ENGINE=InnoDB DEFAULT CHARSET=utf8mb4 COLLATE=utf8mb4_unicode_ci;

--
-- Dumping data for table `routes`
--

INSERT INTO `routes` (`id`, `name`, `city`, `places`, `created_at`, `updated_at`) VALUES
(4, 'Toronto', 'Toronto', 'Ontario,Belleville,Brockville', '2021-10-14 10:18:39', '2021-10-14 10:18:39');

-- --------------------------------------------------------

--
-- Table structure for table `runsheets`
--

CREATE TABLE `runsheets` (
  `id` int(11) NOT NULL,
  `driver_id` int(11) NOT NULL,
  `delivery_date` date NOT NULL,
  `city` varchar(25) DEFAULT NULL,
  `route` int(11) DEFAULT NULL,
  `status` tinyint(1) NOT NULL DEFAULT 0,
  `created_at` datetime NOT NULL,
  `updated_at` datetime NOT NULL
) ENGINE=InnoDB DEFAULT CHARSET=utf8mb4 COLLATE=utf8mb4_unicode_ci;

--
-- Dumping data for table `runsheets`
--

INSERT INTO `runsheets` (`id`, `driver_id`, `delivery_date`, `city`, `route`, `status`, `created_at`, `updated_at`) VALUES
(1, 114, '2022-03-16', NULL, NULL, 0, '2022-03-15 10:10:31', '2022-03-15 10:10:31'),
(2, 114, '2022-03-22', NULL, NULL, 0, '2022-03-21 07:55:40', '2022-03-21 07:55:40'),
(3, 114, '2022-03-23', NULL, NULL, 0, '2022-03-22 07:04:52', '2022-03-22 07:04:52'),
(4, 114, '2022-03-18', NULL, NULL, 0, '2022-03-23 10:04:26', '2022-03-23 10:04:26'),
(5, 114, '2023-03-22', NULL, NULL, 0, '2023-03-21 12:25:54', '2023-03-21 12:25:54'),
(6, 114, '2023-03-21', NULL, NULL, 0, '2023-03-21 12:36:14', '2023-03-21 12:36:14'),
(7, 114, '2023-03-24', NULL, NULL, 0, '2023-03-23 12:02:01', '2023-03-23 12:02:01'),
(8, 114, '2023-03-31', NULL, NULL, 0, '2023-03-30 12:10:24', '2023-03-30 12:10:24'),
(9, 114, '2023-04-01', NULL, NULL, 0, '2023-03-31 11:59:08', '2023-03-31 11:59:08'),
(10, 114, '2023-04-29', NULL, NULL, 0, '2023-04-28 07:49:34', '2023-04-28 07:49:34'),
(11, 114, '2023-05-19', NULL, NULL, 0, '2023-05-18 08:53:24', '2023-05-18 08:53:24'),
(12, 114, '2023-08-30', NULL, NULL, 0, '2023-08-29 02:26:10', '2023-08-29 02:26:10');

-- --------------------------------------------------------

--
-- Table structure for table `settings`
--

CREATE TABLE `settings` (
  `id` int(11) NOT NULL,
  `organization_name` varchar(20) NOT NULL,
  `organization_description` text NOT NULL,
  `website` varchar(100) NOT NULL,
  `phone` varchar(20) NOT NULL,
  `sale_email` varchar(100) NOT NULL,
  `support_email` varchar(100) NOT NULL,
  `sms_api_id` varchar(100) DEFAULT NULL,
  `tax` decimal(5,2) NOT NULL,
  `created_at` datetime NOT NULL,
  `updated_at` datetime NOT NULL
) ENGINE=InnoDB DEFAULT CHARSET=utf8mb4 COLLATE=utf8mb4_unicode_ci;

--
-- Dumping data for table `settings`
--

INSERT INTO `settings` (`id`, `organization_name`, `organization_description`, `website`, `phone`, `sale_email`, `support_email`, `sms_api_id`, `tax`, `created_at`, `updated_at`) VALUES
(1, 'Fresh HuB', 'Hub', 'freshhub.ca', '(888) 999-8989', 'admin@freshhub.ca', 'support@freshhub.ca', 'NA', 10.00, '2021-10-28 08:49:30', '2021-12-17 09:35:43');

-- --------------------------------------------------------

--
-- Table structure for table `stocks`
--

CREATE TABLE `stocks` (
  `id` int(11) NOT NULL,
  `warehouse_id` int(11) NOT NULL DEFAULT 1,
  `product_id` int(11) NOT NULL,
  `quantity` int(11) NOT NULL,
  `created_at` datetime NOT NULL,
  `updated_at` datetime NOT NULL
) ENGINE=InnoDB DEFAULT CHARSET=utf8mb4 COLLATE=utf8mb4_unicode_ci;

--
-- Dumping data for table `stocks`
--

INSERT INTO `stocks` (`id`, `warehouse_id`, `product_id`, `quantity`, `created_at`, `updated_at`) VALUES
(16, 1, 11, 0, '2023-03-28 14:03:34', '2023-04-04 14:44:15'),
(17, 1, 12, 0, '2023-03-30 12:45:37', '2023-04-04 12:45:41'),
(23, 1, 18, 0, '2023-08-15 13:54:17', '2023-08-15 13:54:17'),
(24, 1, 19, 17, '2023-08-15 13:55:37', '2023-08-15 13:56:50'),
(25, 1, 20, 0, '2023-09-19 13:00:25', '2023-09-19 13:00:25'),
(26, 1, 21, 0, '2023-09-19 13:02:26', '2023-09-19 13:02:26'),
(27, 1, 22, 0, '2023-09-19 13:03:14', '2023-09-19 13:03:14'),
(28, 1, 23, 0, '2023-09-19 13:03:56', '2023-09-19 13:03:56'),
(29, 1, 24, 0, '2023-09-19 13:05:16', '2023-09-19 13:05:16'),
(30, 1, 25, 0, '2023-09-19 13:05:58', '2023-09-19 13:05:58'),
(31, 1, 26, 0, '2023-09-19 13:06:48', '2023-09-19 13:06:48'),
(32, 1, 27, 0, '2023-09-19 13:07:57', '2023-09-19 13:07:57'),
(33, 1, 28, 0, '2023-09-19 13:08:57', '2023-09-19 13:08:57'),
(34, 1, 29, 0, '2023-09-19 13:10:10', '2023-09-19 13:10:10'),
(35, 1, 30, 0, '2023-09-19 13:11:20', '2023-09-19 13:11:20'),
(36, 1, 31, 0, '2023-09-19 13:12:12', '2023-09-19 13:12:12'),
(37, 1, 32, 0, '2023-09-19 13:13:24', '2023-09-19 13:13:24'),
(38, 1, 33, 0, '2023-09-19 13:14:15', '2023-09-19 13:14:15'),
(39, 1, 34, 0, '2023-09-19 13:15:19', '2023-09-19 13:15:19'),
(40, 1, 35, 0, '2023-09-19 13:15:50', '2023-09-19 13:15:50'),
(41, 1, 36, 0, '2023-09-19 13:16:51', '2023-09-19 13:16:51'),
(42, 1, 37, 0, '2023-09-19 13:17:32', '2023-09-19 13:17:32'),
(43, 1, 38, 0, '2023-09-19 13:22:18', '2023-09-19 13:22:18'),
(44, 1, 39, 0, '2023-09-19 13:23:20', '2023-09-19 13:23:20'),
(45, 1, 40, 0, '2023-09-19 13:26:19', '2023-09-19 13:26:19'),
(46, 1, 41, 0, '2023-09-19 13:36:08', '2023-09-19 13:36:08'),
(47, 1, 42, 0, '2023-09-19 13:36:50', '2023-09-19 13:36:50'),
(48, 1, 43, 0, '2023-09-19 13:37:53', '2023-09-19 13:37:53'),
(49, 1, 44, 0, '2023-09-19 13:38:42', '2023-09-19 13:38:42'),
(50, 1, 45, 0, '2023-09-19 13:39:28', '2023-09-19 13:39:28'),
(51, 1, 46, 0, '2023-09-19 13:40:06', '2023-09-19 13:40:06'),
(52, 1, 47, 0, '2023-09-19 13:40:55', '2023-09-19 13:40:55'),
(53, 1, 48, 0, '2023-09-19 13:42:43', '2023-09-19 13:42:43'),
(54, 1, 49, 0, '2023-09-19 13:43:26', '2023-09-19 13:43:26'),
(55, 1, 50, 0, '2023-09-19 13:44:53', '2023-09-19 13:44:53'),
(56, 1, 51, 0, '2023-09-19 13:45:41', '2023-09-19 13:45:41'),
(57, 1, 52, 0, '2023-09-19 13:46:19', '2023-09-19 13:46:19'),
(58, 1, 53, 0, '2023-09-19 13:46:55', '2023-09-19 13:46:55'),
(59, 1, 54, 0, '2023-09-19 13:47:40', '2023-09-19 13:47:40'),
(60, 1, 55, 0, '2023-09-19 13:48:12', '2023-09-19 13:48:12'),
(61, 1, 56, 0, '2023-09-19 13:48:53', '2023-09-19 13:48:53'),
(62, 1, 57, 0, '2023-09-19 13:49:40', '2023-09-19 13:49:40'),
(63, 1, 58, 0, '2023-09-19 13:50:32', '2023-09-19 13:50:32'),
(64, 1, 59, 0, '2023-09-19 13:52:40', '2023-09-19 13:52:40'),
(65, 1, 60, 0, '2023-09-19 13:53:10', '2023-09-19 13:53:10'),
(66, 1, 61, 0, '2023-09-19 13:54:50', '2023-09-19 13:54:50'),
(67, 1, 62, 0, '2023-09-19 14:07:23', '2023-09-19 14:07:23'),
(68, 1, 63, 0, '2023-09-19 14:07:59', '2023-09-19 14:07:59'),
(69, 1, 64, 0, '2023-09-19 14:09:12', '2023-09-19 14:09:12'),
(70, 1, 65, 0, '2023-09-20 13:03:01', '2023-09-20 13:03:01'),
(71, 1, 66, 0, '2023-09-20 13:04:04', '2023-09-20 13:04:04'),
(72, 1, 67, 0, '2023-09-20 13:05:27', '2023-09-20 13:05:27'),
(73, 1, 68, 0, '2023-09-20 13:06:13', '2023-09-20 13:06:13'),
(74, 1, 69, 0, '2023-09-20 13:06:54', '2023-09-20 13:06:54'),
(75, 1, 70, 0, '2023-09-20 13:07:39', '2023-09-20 13:07:39'),
(76, 1, 71, 0, '2023-09-20 13:09:23', '2023-09-20 13:09:23'),
(77, 1, 72, 0, '2023-09-20 13:10:09', '2023-09-20 13:10:09'),
(78, 1, 73, 0, '2023-09-20 13:10:55', '2023-09-20 13:10:55'),
(79, 1, 74, 0, '2023-09-20 13:11:37', '2023-09-20 13:11:37'),
(80, 1, 75, 0, '2023-09-20 13:12:16', '2023-09-20 13:12:16'),
(81, 1, 76, 0, '2023-09-20 13:13:35', '2023-09-20 13:13:35'),
(82, 1, 77, 0, '2023-09-20 13:14:13', '2023-09-20 13:14:13'),
(83, 1, 78, 0, '2023-09-20 13:14:53', '2023-09-20 13:14:53'),
(84, 1, 79, 0, '2023-09-20 13:15:45', '2023-09-20 13:15:45'),
(85, 1, 80, 0, '2023-09-20 13:16:30', '2023-09-20 13:16:30'),
(86, 1, 81, 0, '2023-09-20 13:17:10', '2023-09-20 13:17:10'),
(87, 1, 82, 0, '2023-09-20 13:17:44', '2023-09-20 13:17:44'),
(88, 1, 83, 0, '2023-09-20 13:18:38', '2023-09-20 13:18:38'),
(89, 1, 84, 0, '2023-09-20 13:19:18', '2023-09-20 13:19:18'),
(90, 1, 85, 0, '2023-09-20 13:20:11', '2023-09-20 13:20:11'),
(91, 1, 86, 0, '2023-09-20 13:20:58', '2023-09-20 13:20:58'),
(92, 1, 87, 0, '2023-09-20 13:21:51', '2023-09-20 13:21:51'),
(93, 1, 88, 0, '2023-09-20 13:22:56', '2023-09-20 13:22:56'),
(94, 1, 89, 0, '2023-09-20 13:23:41', '2023-09-20 13:23:41'),
(95, 1, 90, 0, '2023-09-20 13:48:53', '2023-09-20 13:48:53');

-- --------------------------------------------------------

--
-- Table structure for table `units`
--

CREATE TABLE `units` (
  `id` int(11) NOT NULL,
  `name` varchar(40) NOT NULL,
  `shortcode` varchar(3) NOT NULL,
  `status` tinyint(1) NOT NULL DEFAULT 1,
  `created_at` datetime NOT NULL,
  `updated_at` datetime NOT NULL
) ENGINE=InnoDB DEFAULT CHARSET=utf8mb4 COLLATE=utf8mb4_unicode_ci;

--
-- Dumping data for table `units`
--

INSERT INTO `units` (`id`, `name`, `shortcode`, `status`, `created_at`, `updated_at`) VALUES
(1, 'BAGS', 'BAG', 1, '2021-09-16 20:23:05', '2021-09-30 06:54:08'),
(2, 'BALE', 'BAL', 1, '2021-09-16 20:29:21', '2021-09-29 11:59:48'),
(3, 'BUNDLES', 'BDL', 1, '2021-09-16 20:29:21', '2021-09-16 20:29:21'),
(4, 'BUCKLES', 'BKL', 1, '2021-09-16 20:29:21', '2021-09-16 20:29:21'),
(5, 'BILLIONS OF UNITS', 'BOU', 1, '2021-09-16 20:29:21', '2021-09-16 20:29:21'),
(6, 'BOX', 'BOX', 1, '2021-09-16 20:29:21', '2021-09-16 20:29:21'),
(7, 'BOTTLES', 'BTL', 1, '2021-09-16 20:29:21', '2021-09-16 20:29:21'),
(8, 'BUNCHES', 'BUN', 1, '2021-09-16 20:29:21', '2021-09-16 20:29:21'),
(9, 'CANS', 'CAN', 1, '2021-09-16 20:29:21', '2021-09-16 20:29:21'),
(10, 'CUBIC METER', 'CBM', 1, '2021-09-16 20:29:21', '2021-09-16 20:29:21'),
(11, 'CUBIC CENTIMETER', 'CCM', 1, '2021-09-16 20:29:21', '2021-09-16 20:29:21'),
(12, 'CENTIMETER', 'CMS', 1, '2021-09-16 20:32:28', '2021-09-16 20:32:28'),
(13, 'CARTONS', 'CTN', 1, '2021-09-16 20:32:28', '2021-09-16 20:32:28'),
(14, 'DOZEN', 'DOZ', 1, '2021-09-16 20:32:28', '2021-09-16 20:32:28'),
(15, 'DRUM', 'DRM', 1, '2021-09-16 20:32:28', '2021-09-16 20:32:28'),
(16, 'GREAT GROSS', 'CGR', 1, '2021-09-16 20:32:28', '2021-09-16 20:32:28'),
(17, 'GRAMS', 'GMS', 1, '2021-09-16 20:32:28', '2021-09-16 20:32:28'),
(18, 'GROSS', 'GRS', 1, '2021-09-16 20:32:28', '2021-09-16 20:32:28'),
(19, 'GROSS YARDS', 'GYD', 1, '2021-09-16 20:32:28', '2021-09-16 20:32:28'),
(20, 'KILOGRAMS', 'KGS', 1, '2021-09-16 20:32:28', '2021-09-16 20:32:28'),
(21, 'KILOLITER', 'KLR', 1, '2021-09-16 20:32:28', '2021-09-16 20:32:28'),
(22, 'KILOMETRE', 'KME', 1, '2021-09-16 20:34:35', '2021-09-16 20:34:35'),
(23, 'MILLILITRE', 'MLT', 1, '2021-09-16 20:34:35', '2021-09-16 20:34:35'),
(24, 'METERS', 'MTR', 1, '2021-09-16 20:34:35', '2021-09-16 20:34:35'),
(25, 'NUMBERS', 'NOS', 1, '2021-09-16 20:34:35', '2021-09-16 20:34:35'),
(26, 'PACKS', 'PAC', 1, '2021-09-16 20:34:35', '2021-09-16 20:34:35'),
(27, 'PIECES', 'PCS', 1, '2021-09-16 20:34:35', '2021-09-16 20:34:35'),
(28, 'PAIRS', 'PRS', 1, '2021-09-16 20:34:35', '2021-09-16 20:34:35'),
(29, 'QUINTAL', 'QTL', 1, '2021-09-16 20:34:35', '2021-09-16 20:34:35'),
(30, 'ROLLS', 'ROL', 1, '2021-09-16 20:34:35', '2021-09-16 20:34:35'),
(31, 'SETS', 'SET', 1, '2021-09-16 20:34:35', '2021-09-16 20:34:35'),
(32, 'SQUARE FEET', 'SQF', 1, '2021-09-16 20:34:35', '2021-09-16 20:34:35'),
(33, 'SQUARE METERS', 'SQM', 1, '2021-09-16 20:34:35', '2021-09-16 20:34:35'),
(34, 'SQUARE YARDS', 'SQY', 1, '2021-09-16 20:34:35', '2021-09-16 20:34:35'),
(35, 'TABLETS', 'TBS', 0, '2021-09-16 20:34:35', '2021-09-29 12:40:13'),
(36, 'TEN GROSS', 'TGM', 1, '2021-09-16 20:34:35', '2021-09-16 20:34:35'),
(37, 'THOUSANDS', 'THD', 1, '2021-09-16 20:37:12', '2021-09-16 20:37:12'),
(38, 'TONNES', 'TON', 1, '2021-09-16 20:37:12', '2021-09-16 20:37:12'),
(39, 'TUBES', 'TUB', 1, '2021-09-16 20:37:12', '2021-09-16 20:37:12'),
(40, 'US GALLONS', 'UGS', 1, '2021-09-16 20:37:12', '2021-09-16 20:37:12'),
(41, 'UNITS', 'UNT', 1, '2021-09-16 20:37:12', '2021-09-16 20:37:12'),
(42, 'YARDS', 'YDS', 1, '2021-09-16 20:38:32', '2021-09-16 20:38:32'),
(43, 'POUNDS', 'LBS', 1, '2021-09-16 20:38:32', '2021-09-16 20:38:32'),
(46, 'DREAM', 'DRE', 1, '2021-10-26 02:18:24', '2021-10-26 14:18:03'),
(47, 'test', '123', 1, '2021-11-03 13:27:31', '2021-11-03 13:27:31');

-- --------------------------------------------------------

--
-- Table structure for table `unit_types`
--

CREATE TABLE `unit_types` (
  `id` int(11) NOT NULL,
  `name` varchar(20) NOT NULL,
  `code` varchar(5) NOT NULL,
  `status` tinyint(1) NOT NULL DEFAULT 1,
  `created_at` datetime NOT NULL,
  `updated_at` datetime NOT NULL
) ENGINE=InnoDB DEFAULT CHARSET=utf8mb4 COLLATE=utf8mb4_unicode_ci;

--
-- Dumping data for table `unit_types`
--

INSERT INTO `unit_types` (`id`, `name`, `code`, `status`, `created_at`, `updated_at`) VALUES
(2, 'Boxes', 'box', 0, '2021-09-29 10:03:09', '2021-09-29 10:20:31');

-- --------------------------------------------------------

--
-- Table structure for table `users`
--

CREATE TABLE `users` (
  `id` bigint(20) UNSIGNED NOT NULL,
  `firstname` varchar(50) NOT NULL,
  `lastname` varchar(50) DEFAULT NULL,
  `username` varchar(50) NOT NULL,
  `password` varchar(100) NOT NULL,
  `email` varchar(100) DEFAULT NULL,
  `phone` varchar(15) DEFAULT NULL,
  `address` varchar(150) DEFAULT NULL,
  `city` varchar(50) DEFAULT NULL,
  `postalcode` varchar(7) DEFAULT NULL,
  `province` varchar(2) DEFAULT NULL,
  `country` varchar(2) DEFAULT 'CA',
  `profile_picture` varchar(100) DEFAULT NULL,
  `type` enum('admin','customer','staff') DEFAULT NULL,
  `status` tinyint(1) NOT NULL DEFAULT 1,
  `email_verified_at` timestamp NULL DEFAULT NULL,
  `remember_token` varchar(100) DEFAULT NULL,
  `token_id` varchar(100) DEFAULT NULL,
  `payment_term` int(11) DEFAULT NULL,
  `payment_method` int(11) DEFAULT NULL,
  `customer_type` int(11) DEFAULT NULL,
  `description` text DEFAULT NULL,
  `business_name` varchar(30) DEFAULT NULL,
  `sales_rep` int(11) DEFAULT NULL,
  `driver_id` int(11) DEFAULT 0,
  `created_at` timestamp NULL DEFAULT NULL,
  `updated_at` timestamp NULL DEFAULT NULL
) ENGINE=InnoDB DEFAULT CHARSET=utf8mb4 COLLATE=utf8mb4_unicode_ci;

--
-- Dumping data for table `users`
--

INSERT INTO `users` (`id`, `firstname`, `lastname`, `username`, `password`, `email`, `phone`, `address`, `city`, `postalcode`, `province`, `country`, `profile_picture`, `type`, `status`, `email_verified_at`, `remember_token`, `token_id`, `payment_term`, `payment_method`, `customer_type`, `description`, `business_name`, `sales_rep`, `driver_id`, `created_at`, `updated_at`) VALUES
(1, 'Freshhub', 'Admin', 'admin', '$2y$10$YwsOh76qZ2ohlW7i9Ynude9W4jNmsVEbDgP.pm/3aqmMp.EVoCkpm', 'admin@freshhub.ca', '(987) 654-3211', 'test1', 'Toronto', 't0a0a0', 'ON', 'CA', 'YjqYQaj63BrH0ZmCFMc7t7ivIaOGFh.png', 'admin', 1, '2020-09-21 01:30:00', NULL, '', NULL, NULL, 0, NULL, NULL, 0, 0, '2020-09-21 01:30:00', '2021-11-26 13:57:12'),
(113, 'Amala', 'Jose', 'amala', '$2y$10$6SbOlrwwOwlyJyG45ugRGeKwaSYJQmO5A9REXP4e/0wqyo.WUCF.C', 'amala@gmail.com', '(823) 409-8646', '197 Yonge Street', 'Toronto', 'M5B 1M4', 'ON', 'CA', 's4M2t4E9MeYO5R6peCboMY2gIdLFjs.png', 'staff', 1, NULL, NULL, NULL, NULL, NULL, 5, NULL, NULL, NULL, 0, '2022-03-15 14:53:02', '2022-03-15 14:53:02'),
(114, 'Selto', 'Jose', 'selto', '$2y$10$0fRAIBOTw0A9mr90wTRBt.4c/mktgV885mmVhmZmWY2CCTs3cSWz2', 'selto@gmail.com', '(675) 654-6476', '165 Legion Road North', 'Toronto', 'M8Y 0B3', 'ON', 'CA', 'TOKWjzxXAjScSqft1PAdww9wbX8zy0.png', 'staff', 1, NULL, NULL, NULL, NULL, NULL, 3, NULL, NULL, NULL, 0, '2022-03-15 15:17:20', '2022-03-15 15:17:20'),
(115, 'Floyci', '', 'floyci', '$2y$10$MPWULNzidPxjIsP7GkeKju1347gX0LD0cdb2z7zMDz/7VnBX0ZeLS', 'floyci@gmail.com', '(234) 254-3656', '130 King Street West', 'Toronto', 'M5X 2A2', 'ON', 'CA', 'Z9jljFvvBabq5dkr2i43AHGuRmAxDy.png', 'customer', 1, NULL, NULL, NULL, 0, 1, 10, 'I am a bulk buyer.', 'Yeva', 113, 114, '2022-03-15 15:19:43', '2022-03-15 15:19:43'),
(116, 'Selvin', 'Tom', 'selvin', '$2y$10$1Q96YLkfpgPmuh50pmQwF.890HT/XkM.gGbC/peUzkjpV.YpPimKS', 'shoplet@gmail.com', '(678) 098-7676', '796468 Grey County Road 19', 'Collingwood', 'L9Y 5B1', 'ON', 'CA', 'cg8LlOeeUuVAtUo6wI0o35PZC6viRk.png', 'customer', 0, NULL, NULL, NULL, 0, 1, 1, NULL, 'Shoplet', 113, 114, '2022-03-16 11:06:48', '2023-03-30 19:29:03'),
(117, 'Tojo', 'Jose', 'tojojose', '$2y$10$Z4KdjpYMdizwOqoFgZMFl.ndkaYUOFLsHveeJQbqVVK/8lgcP/1te', 'tojojose@gmail.com', '(766) 757-6567', '130 King Street West', 'Toronto', 'M5X 2A2', 'ON', 'CA', 'oe91mUy7zFLcQlamr6brNkrpkdwUJ9.png', 'staff', 1, NULL, NULL, NULL, NULL, NULL, 12, NULL, NULL, NULL, 0, '2022-03-16 11:12:24', '2022-03-16 11:12:24'),
(118, 'Dilfred', 'Kurian', 'dilfred', '$2y$10$gMbS6wUQuWWtQlByx6lGt.ylPdD65LBa77QpmBc83x9IVqMwPf/Ry', 'fredsons@gmail.com', '(765) 489-7876', '4641 128 Avenue Northeast', 'Calgary', 'T3N 1T5', 'AB', 'CA', 'FSci9YgGxH1E5emy7hoibm4SAhOIGC.png', 'customer', 1, NULL, NULL, NULL, 0, 2, 3, NULL, 'Fredsons', 113, 114, '2022-03-16 11:24:41', '2022-03-16 11:24:41'),
(119, 'Koriana', 'Philip', 'koriana', '$2y$10$ExeT5aKCjt.3sHFMezx1s.nTeOQG.OOd7QJenF.PXXIE3tDlnq5ca', 'koriana@gmail.com', '(434) 354-6577', '4310 104 Avenue Northeast', 'Calgary', 'T3J 1W5', 'AB', 'CA', 'lWJ2hGce48g218VWzDK7iEmolIxVNm.png', 'staff', 1, NULL, NULL, NULL, NULL, NULL, 6, NULL, NULL, NULL, 0, '2022-03-17 12:36:20', '2022-03-17 12:36:20'),
(124, 'Stanley', 'Hardayal', 'A Z Variety', '$2y$10$SDbDZliezQTq/LwaQw1Sh.WSLHs0n5HJZ3ofo9GChEBfsSeQWxOE2', 'stanleyhardayal@yahoo.com', '(519) 342-0423', '127 Water Street North', 'Kitchener', 'N2H 5B1', 'AB', 'CA', NULL, 'customer', 1, NULL, NULL, NULL, NULL, 1, 10, NULL, 'A Z Variety 1695524 Ontario In', 113, NULL, '2023-04-19 20:26:39', '2023-05-19 16:58:36'),
(125, 'Mike', 'Swirla', 'A1 Cash & Carry', '$2y$10$8IgzOK6xr/4.T1z2rRelXeW8/EB/uPHbhMCb4J/wlMczTHOfmvcfS', 'mike@a1cashandcarry.com', '(905) 676-9950', '6400 Kennedy Road', 'Mississauga', 'L5T 2Z5', 'AB', 'CA', NULL, 'customer', 1, NULL, NULL, NULL, NULL, 1, 10, NULL, 'A1 Cash & Carry', 113, NULL, '2023-04-19 20:30:17', '2023-05-19 16:59:18'),
(127, 'Faiz', '', 'Al Ameen', '$2y$10$GVTkGfdjHttYQlOTJm3BXOz7tFT9WthwjF2oi02lXjy1zRtyxCJsK', 'info@alameenhps.ca', '(416) 871-3911', '5318 Finch Avenue East', 'Toronto', 'M1S 5G2', 'ON', 'CA', NULL, 'customer', 1, NULL, NULL, NULL, 0, 1, 10, NULL, 'Al Ameen', 113, NULL, '2023-04-19 20:44:57', '2023-04-19 20:44:57'),
(128, 'Abid', '', 'Al-Jannah', '$2y$10$GqykyEH9s/5/Ks/GLiMhRew2D1LKCNonpaHodKM3nfNbY3Skycf.W', 'sales@al-jannahhalalfoods.ca', '(647) 835-0754', '21 Milliken Boulevard', 'Toronto', 'M1V 5H7', 'ON', 'CA', NULL, 'customer', 1, NULL, NULL, NULL, 0, 1, 10, NULL, 'Al-Jannah Halal Meat', 113, NULL, '2023-04-19 21:03:40', '2023-04-19 21:03:40'),
(129, 'Muhammad', 'Arif', 'AS Halal Meat', '$2y$10$ShXFNgy.XbI1vL2McXGJlOgnWcXOfAYZtnYa5umSzjSwyzN8AQOnm', 'mohammadarif4000@gmail.com', '(416) 707-8596', '2750 Slough Street Unit 4', 'Mississauga', 'L4T 1G3', 'ON', 'CA', NULL, 'customer', 1, NULL, NULL, NULL, 0, 1, 10, NULL, 'AS Halal Meat', 113, NULL, '2023-04-19 21:12:32', '2023-04-19 21:12:32'),
(130, 'Samad', '', 'ASA Meat', '$2y$10$ebfB8H.Nh5H2O9SRkECha.6ncWJA1aP5K2.kdZ0Tlonh1JkbiXR56', 'asagroceries@gmail.com', '(647) 296-3915', '10086 Hurontario Street', 'Brampton', 'L7A 1E5', 'ON', 'CA', NULL, 'customer', 1, NULL, NULL, NULL, 0, 1, 10, NULL, 'ASA Meat & West Indian Grocery', 113, NULL, '2023-04-19 21:22:07', '2023-04-19 21:22:07'),
(131, 'A', 'to', 'A to Z', '$2y$10$MJ3tbCJqER0uUdS3MCdsPOtpxrWawbXGJ3XWWKMuU5CthR.Lp8AqS', 'mustapha@sheikhalalfarms.ca', '(647) 436-2550', '1040 Albion Rd', 'Toronto', 'M9V 1A7', 'AB', 'CA', NULL, 'customer', 1, NULL, NULL, NULL, 0, 1, 10, NULL, 'A to Z African and West Indian', 113, NULL, '2023-04-26 18:58:32', '2023-04-26 18:58:32'),
(132, 'Mike', 'Swirla', 'A1 Cash & Carry ( Toronto )', '$2y$10$y10ZG9MpL.PQ0T2K12COI.Qf/WnySo6MkLwuQz9Jd1Ruyok/DZeSa', 'hetal@a1cashandcarry.com', '(647) 539-3663', '1168 Caledonia Road', 'Toronto', 'M6A 2W5', 'ON', 'CA', NULL, 'customer', 1, NULL, NULL, NULL, 0, 1, 10, NULL, 'A1 Cash & Carry ( Toronto )', 113, NULL, '2023-04-26 19:02:34', '2023-04-26 19:02:34'),
(133, 'Joe', 'Abates', 'Abates', '$2y$10$aMCzvu6FT.9lz9xSlwM.6OvHcX7mT60D5VwBza8g6niu0wbO0w8sS', 'joea@abatespackers.com', '(519) 848-2107', '7597 Jones Baseline', 'Arthur', 'N0G 1A0', 'ON', 'CA', NULL, 'customer', 1, NULL, NULL, NULL, 0, 1, 10, NULL, 'Abates', 113, NULL, '2023-04-26 19:04:25', '2023-04-26 19:04:25'),
(134, 'Adam', '', 'Adams Natural Foods Inc', '$2y$10$NI9hEzQZGcGccDVRoSE5OO6uxf8lXCN2Xybwlw3yoSnaXr7KAYMuK', 'info@adamsnaturalfoods.com', '(647) 930-9549', '1210 Markham Road', 'Toronto', 'M1H 3B3', 'ON', 'CA', NULL, 'customer', 1, NULL, NULL, NULL, 0, 1, 10, NULL, 'Adams Natural Foods Inc', 113, NULL, '2023-04-26 19:07:54', '2023-04-26 19:07:54'),
(135, 'Davisol', '', 'African Caribbean Foods', '$2y$10$ip2rmLF8PJaMked4vednEOtNh3Ax95NnbnGDT0aIvPhSjgN8.29xu', 'info@davisolfood.com', '(416) 241-5435', '351 Nash Road North', 'Hamilton', 'L8H 7P4', 'ON', 'CA', NULL, 'customer', 1, NULL, NULL, NULL, 0, 1, 10, NULL, 'African Caribbean Foods', 113, NULL, '2023-04-26 19:10:46', '2023-04-26 19:10:46'),
(136, 'adeolu', '', 'African Royal Foods', '$2y$10$uiTWez5gpsLod4JnVWKkOerEp8mp0pcbfD2GlrP7F4hF.L/MdsxsO', 'esty_adeolu@yahoo.com', '(905) 454-0304', '332 Main Street North, Unit 4', 'Brampton', 'L6V 1P8', 'AB', 'CA', NULL, 'customer', 1, NULL, NULL, NULL, 0, 1, 3, NULL, 'African Royal Foods', 113, 114, '2023-05-04 17:25:57', '2023-05-04 17:25:57'),
(137, 'Joshua', '', 'Afrocan', '$2y$10$Wdq0EQwzmVn/LCh1vuFUGON.wkN4L971gkr1D.e8Ln8ZBGTyRpG9K', 'joshua@afrocanfamilyfoods.com', '(905) 452-2192', '70 Devon Road', 'Brampton', 'L6T 5K7', 'ON', 'CA', NULL, 'customer', 1, NULL, NULL, NULL, 0, 1, 10, NULL, 'Afrocan', 113, NULL, '2023-05-04 17:30:44', '2023-05-04 17:30:44'),
(138, 'nizamkanq', '', 'Al Anwar Halal Meats', '$2y$10$S4L6s9z1RVyqGvJMSaQk3e2wvSM54mlNJt4SqgPod63wv0rwDQ/Ay', 'nizamkanq@hotmail.com', '(416) 879-1932', '10215 Kennedy Road North', 'Brampton', 'L6Z 0C5', 'ON', 'CA', NULL, 'customer', 1, NULL, NULL, NULL, 0, 1, 1, NULL, 'Al Anwar', 113, 114, '2023-05-04 17:38:09', '2023-05-04 17:38:09'),
(139, 'saizan', '', 'Al Emaan Halal Meat & Grocery', '$2y$10$.MRa.W3J7z8w.1Ejg8CCCOkWTaP8rgncUVA1kXzJGOMtiN.pGze8y', 'saizancanada@hotmail.com', '(905) 276-9191', '1370 Dundas Street East', 'Mississauga', 'L4Y 2A5', 'ON', 'CA', NULL, 'customer', 1, NULL, NULL, NULL, 0, 1, 1, NULL, 'Al Emaan Halal Meat & Grocery', 113, 114, '2023-05-04 17:40:29', '2023-05-04 17:40:29'),
(140, 'ktvshaheen', '', 'O/A Al-Madina Halal Meat', '$2y$10$4lcwXcqtfTAMOl7lOYUiku03bHcuIkCJ.5wCYYCQ0fWCW8OXSWRpi', 'ktvshaheen@hotmail.com', '(226) 220-3399', '210 Elgin Street North', 'Cambridge', 'N1R 5J1', 'ON', 'CA', NULL, 'customer', 1, NULL, NULL, NULL, 0, 1, 10, NULL, '1907086 Ontario Inc.', 113, 114, '2023-05-04 17:42:52', '2023-05-04 17:42:52'),
(141, 'Marwa', '', 'Al Marwa Sunrise Meats', '$2y$10$QNoEnm46h.BA1RA6G9MIkO9LMx5DHdneJ2dC0mwWmJRBqT4pzGg5O', 'sunrisemeat@live.ca', '(905) 306-7028', '1151 Dundas Street West', 'Mississauga', 'L5C 1C6', 'ON', 'CA', NULL, 'customer', 1, NULL, NULL, NULL, 0, 1, 1, NULL, 'Al Marwa Sunrise Meats', 113, 114, '2023-05-04 17:44:23', '2023-05-04 17:44:23'),
(142, 'Al', 'Noor', 'Al Noor', '$2y$10$3R2h3StyTKWlqwUhXNkc3ew4cZVv/8HelQJxQTO2AyJTLv1bSpdJi', 'noor17@gmail.com', '(519) 883-5020', '347 Erb Street West', 'Waterloo', 'N2L 1W4', 'ON', 'CA', NULL, 'customer', 1, NULL, NULL, NULL, 0, 1, 10, NULL, 'Al Noor', 113, 114, '2023-05-16 20:31:04', '2023-05-16 20:31:04'),
(143, 'Al', 'Rehman', 'Al Rehman Halal Meat', '$2y$10$dCWhWFvP.MHdYBuHDlOfne5rHji.0afndpw7KY6DgPtpyEHgVzVGu', 'm2647s@gmail.com', '(416) 850-3369', '101 Westmore Drive', 'Toronto', 'M9V 3Y6', 'ON', 'CA', NULL, 'customer', 1, NULL, NULL, NULL, 0, 1, 10, NULL, 'Al Rehman Halal Meat', 113, 114, '2023-05-16 20:33:03', '2023-05-16 20:33:03'),
(144, 'Al\'s', '', 'Al\'s West R+S Tropical Food', '$2y$10$4Wwoa4R6yHDYWFyhD2GK8.f9lEtTO6h9A6A1dCUehq8wbrxn3Su1e', 'rstropical@hotmail.com', '(905) 686-2584', '1660 Kingston Road', 'Pickering', 'L1V 5R2', 'ON', 'CA', NULL, 'customer', 1, NULL, NULL, NULL, 0, 1, 10, NULL, 'Al\'s West R+S Tropical Food', 113, 114, '2023-05-16 20:35:24', '2023-05-16 20:35:24'),
(145, 'Al-Ahad', 'Foods', 'Al-Ahad Foods Inc.', '$2y$10$ZTrrIQMnS1zQRkeY2hfJAeuMgCKy8RBHNRlHaQA5FESBtmKtAN/rC', 'accounts@al-ahadfoods.ca', '(416) 266-2423', '120 Barbados Boulevard', 'Toronto', 'M1J 1L2', 'ON', 'CA', NULL, 'customer', 1, NULL, NULL, NULL, 0, 1, 10, NULL, 'Al-Ahad Foods Inc.', 113, 114, '2023-05-16 20:37:29', '2023-05-16 20:37:29'),
(146, 'Abid', '', 'Al-Jannah Halal Meat', '$2y$10$N.dPqK2BmHUEFjnV68CZEOf0On3sOWNqWUhatwquUlZ568i5.U12e', 'abid@al-jannahhalalfoods.ca', '(416) 477-0535', '21 Milliken Boulevard', 'Toronto', 'M1V 5H7', 'ON', 'CA', NULL, 'customer', 1, NULL, NULL, NULL, 0, 1, 10, NULL, 'Al-Jannah Halal Meat', 113, NULL, '2023-05-16 20:40:14', '2023-05-16 20:40:14'),
(147, 'Al-Marwa', 'Grocery', 'Al-Marwa Grocery & Halal Meat', '$2y$10$YRz2VrVypsZhl/MtqRZBOOTF0gG1RMNCEZ8IA2N07zCVKb2LWwF1C', 'sunrisemeat@live.com', '(905) 812-2782', '5980 Churchill Meadows Boulevard', 'Mississauga', 'L5M 7M5', 'ON', 'CA', NULL, 'customer', 1, NULL, NULL, NULL, 0, 1, 10, NULL, 'Al-Marwa Grocery & Halal Meat ', 113, NULL, '2023-05-16 20:41:50', '2023-05-16 20:41:50'),
(148, 'Ali', 'Baba\'s', 'Ali Baba\'s Wholesale', '$2y$10$nOUgLvCAGA5B9APbOoduteZ9gy4wRZVQkjGzsVOO.fScaoFSmbKrS', 'info@alibabas.ca', '(416) 588-4666', '8 Jenet Avenue', 'Toronto', 'M6H 1R4', 'ON', 'CA', NULL, 'customer', 1, NULL, NULL, NULL, 0, 1, 10, NULL, 'Ali Baba\'s Wholesale', 113, 114, '2023-05-16 20:45:45', '2023-05-16 20:45:45'),
(149, 'funmibaiyewun', '', 'All Nations Supermarket', '$2y$10$PN6/TWOydlTv8Tul5QXCae3ut8RY6spZb7vxTu.pWb8PL3zdJm5by', 'funmibaiyewun@yahoo.ca', '(780) 713-0231', '36 Riedel Street', 'Fort McMurray', 'T9H 3E1', 'AB', 'CA', NULL, 'customer', 1, NULL, NULL, NULL, 0, 1, 10, NULL, 'All Nations Supermarket', 113, 114, '2023-05-16 20:48:01', '2023-05-16 20:48:01'),
(150, 'Ammar', '', 'Ammar', '$2y$10$/SDOD7BefAlmGIr0N.n3qOdNtiPM.41xhtHb2K1i189l5lCtL5mtS', 'ammarhalalmeats@gmail.com', '(519) 568-8033', '317 Lancaster Street West', 'Kitchener', 'N2H 4V4', 'ON', 'CA', NULL, 'customer', 1, NULL, NULL, NULL, 0, 1, 10, NULL, 'Ammar Halal Meat Food Mart Inc', 113, NULL, '2023-05-16 20:50:16', '2023-05-16 20:50:16'),
(151, 'Nasim', '', 'Anaz Global Trading', '$2y$10$LzvM3gzt2fitmp5pecNKZ.ceJbR4P8hzlbNqIEUjzreUmTjq4jDUC', 'nasimhilaly@gmail.com', '(416) 618-9440', '4500 Sheppard Avenue East', 'Toronto', 'M1S 1V2', 'ON', 'CA', NULL, 'customer', 1, NULL, NULL, NULL, 0, 1, 10, NULL, 'Anaz Global Trading', 113, 114, '2023-05-16 20:54:25', '2023-05-16 20:54:25'),
(152, 'ebuanna', '', 'Anna Utanu kitchen', '$2y$10$S3GrilpdexCa/v.WgxJq3ugR4foYHQPwgY.csLhQXYUFJHwRp/A2q', 'ebuanna@yahoo.ca', '(647) 835-4177', '284 Gooding Crescent', 'Milton', 'L9E 0A5', 'ON', 'CA', NULL, 'customer', 1, NULL, NULL, NULL, 0, 1, 10, NULL, 'Anna Utanu kitchen', 113, 114, '2023-05-16 21:07:18', '2023-05-16 21:07:18'),
(153, 'mustafa', '', 'Apna Farm O/B 2337490 ONTARIO', '$2y$10$FBiPGoPJQa7gRsPN01QkDudscCv6fej5cNv2OinXBK1JcatBL0Mtm', 'mustafahazary@yahoo.com', '(647) 705-2601', '2965 Hazelton Place', 'Mississauga', 'L5M 6J3', 'ON', 'CA', NULL, 'customer', 1, NULL, NULL, NULL, 0, 1, 10, NULL, 'Apna Farm O/B 2337490 ONTARIO ', 113, 114, '2023-05-16 21:09:27', '2023-05-16 21:09:27'),
(154, 'kingsly', '', 'Atwima Market', '$2y$10$dYgqkdQicfrnVbgUJEj8SOLwe0vBCjuGjhQ65IS2LHDYULqosrHke', 'kingslymarfo@hotmail.com', '(416) 286-0516', '287 Morningside Avenue', 'Toronto', 'M1E 3G1', 'ON', 'CA', NULL, 'customer', 1, NULL, NULL, NULL, 0, 1, 10, NULL, 'Atwima Market', 113, 114, '2023-05-16 21:12:09', '2023-05-16 21:12:09'),
(155, 'zubair', '', 'Aunty\'s Kitchen Kitchener', '$2y$10$dI6mSnGD16vW/TfNime49.GqkTUgFaHFWeI/xvq/bPlJu0R3/DZ/O', 'zubair@auntyskitchen.ca', '(905) 567-6696', '101 Hazelglen Drive', 'Kitchener', 'N2M 5A2', 'ON', 'CA', NULL, 'customer', 1, NULL, NULL, NULL, 0, 1, 10, NULL, 'Aunty\'s Kitchen Kitchener', 113, NULL, '2023-05-16 21:13:49', '2023-05-16 21:13:49'),
(156, 'Ayas', 'Mohammed', 'KAUSAR FRESH FOODS', '$2y$10$MRwIz1CONIO8sCO2xO1j8u.1OaYR3xe1nDchMR4I0rR80ijysUR2i', 'kausarfreshfood@gmil.com', '(226) 505-6895', '3466 Danforth Avenue', 'Toronto', 'M1L 1E1', 'ON', 'CA', NULL, 'customer', 1, NULL, NULL, NULL, 0, 1, 10, NULL, 'KAUSAR FRESH FOODS', 113, 114, '2023-05-16 21:16:07', '2023-05-16 21:16:07'),
(157, 'Mohamed', 'Feras', 'Bani Halal Food Wholesale', '$2y$10$oqlLU6JEyBASXwJDy0.kVeF.RyWXNbPhy5QlDPDrHIdJxtSOe8Szy', 'info@banihalalfood.ca', '(416) 521-9990', '43 Drummond Street', 'Toronto', 'M8V 1Y7', 'ON', 'CA', NULL, 'customer', 1, NULL, NULL, NULL, 0, 1, 10, NULL, 'Bani Halal Food', 113, NULL, '2023-05-16 21:32:51', '2023-05-16 21:32:51'),
(158, 'Bantama', '', 'Bantama Supermarket Inc.', '$2y$10$IQPlCv4mMY1d79bDMqfTuucEmRXgGyo0a.dnZcoH0OL/0.ohOV0X.', 'info@bantamasupermarket.com', '(647) 347-2399', '2300 Finch Avenue West', 'Toronto', 'M9M 2C6', 'ON', 'CA', NULL, 'customer', 1, NULL, NULL, NULL, 0, 1, 10, NULL, 'Bantama Supermarket Inc.', 113, 114, '2023-05-16 21:38:18', '2023-05-16 21:38:18'),
(159, 'Baraka', '', 'BARAKA SUPERMARKET', '$2y$10$66LUWIkE4aJxfwuz.hGMHuslHLOjBN/gkGibIzoXqUZAN4YQkv3QO', 'baraka@gmail.com', '(416) 792-6060', '60 Danforth Road', 'Toronto', 'M1L 3W4', 'ON', 'CA', NULL, 'customer', 1, NULL, NULL, NULL, 0, 1, 10, NULL, 'BARAKA SUPERMARKET', 113, 114, '2023-05-16 21:39:52', '2023-05-16 21:39:52'),
(160, 'Tim', 'Barriefield', 'Barriefield Market', '$2y$10$.5FEZ8BAHdah2tv6ZdbsleCsOpniCIktts3sRmN1kQ4dWycRo2gB6', 'info@barriefieldmarket.com', '(613) 547-2223', '760 Kingston 15', 'Kingston', 'K7L 5H6', 'ON', 'CA', NULL, 'customer', 1, NULL, NULL, NULL, 0, 1, 10, NULL, 'Barriefield Market', 113, 114, '2023-05-16 21:43:21', '2023-05-16 21:43:21'),
(161, 'Bawarchi', '', 'Bawarchi Indian Cuisine', '$2y$10$r7zvNqvb3xqUJQICJ0rAt.2fQQLltSxuBy5AL2UCBa3L5fW28lQyK', 'okj.1992@gmail.com', '(416) 848-4126', '925 Warden Avenue', 'Toronto', 'M1L 4C5', 'ON', 'CA', NULL, 'customer', 1, NULL, NULL, NULL, 0, 1, 10, NULL, 'Bawarchi Indian Cuisine', 113, 114, '2023-05-16 21:45:28', '2023-05-16 21:45:28'),
(162, 'Stella', '', 'BB INTERNATIONAL', '$2y$10$dHY0JaQYbgeNYW4JOp.VP.bj5Dq.UMVMG.k6foi7Hh4xwk9uDpFrm', 'stella.olumide@gmail.com', '(647) 746-4226', '164 Oakdale Road', 'Toronto', 'M3N 2S5', 'ON', 'CA', NULL, 'customer', 1, NULL, NULL, NULL, 0, 1, 10, NULL, 'BB INTERNATIONAL', 113, 114, '2023-05-16 21:46:56', '2023-05-16 21:46:56'),
(163, 'invor', '', 'Bedessee Imports Ltd', '$2y$10$b7c8xNIkWboHU25WvBkLJ.gI0RaJeFjScP/R63.kk30W3dxcD2RxS', 'invor@bedessee.com', '(416) 292-2400', '2 Golden Gate Court', 'Toronto', 'M1P 3A5', 'ON', 'CA', NULL, 'customer', 1, NULL, NULL, NULL, 0, 1, 10, NULL, 'Bedessee Imports Ltd', 113, 114, '2023-05-16 21:48:32', '2023-05-16 21:48:32'),
(164, 'Bes', '', 'Besmeat', '$2y$10$Ej0RGPEWDQtzq0B9C2yGiui1sPyFFyIF4YnE2S6l.RlJ11MFFw59q', 'besmeatswholesale@hotmail.com', '(416) 332-8999', '110 Dynamic Drive', 'Toronto', 'M1V 5C7', 'ON', 'CA', NULL, 'customer', 1, NULL, NULL, NULL, 0, 1, 10, NULL, 'Besmeat', 113, 114, '2023-05-16 22:02:48', '2023-05-16 22:02:48'),
(165, 'Dave', 'Peter', 'cskenterprise', '$2y$10$HUN1sSgZNk/P./9nAYNL2./J/HPot.giwm2VYWFU9Ke2N6yH9LaNK', NULL, '(555) 533-3333', 'test', 'toronto', 't0a0a0', 'ON', 'CA', NULL, 'customer', 1, NULL, NULL, NULL, 0, 2, 1, 'testing', 'CSK', 113, 114, '2023-05-18 15:41:55', '2023-05-18 15:41:55'),
(166, 'Steve', 'Robin', 'Metromeat', '$2y$10$l4iAV5E1NLKCk318/mxb7.7j0.1.xg216dxQGsAC2ZTBehbgR/V6i', NULL, '(555) 533-3434', 'test', 'Toronto', 't0a0a0', 'ON', 'CA', NULL, 'customer', 1, NULL, NULL, NULL, 0, 1, 1, 'test', 'Metro Meat', 113, 114, '2023-05-18 15:57:20', '2023-05-18 15:57:20'),
(167, 'Jianz', 'Hong', 'Bestco', '$2y$10$ojCP4SjTYCn4kqO7j/RzBePRSn9siClITZvpLSCLjAnAAZiDa26my', 'bestcofoodmart@gmail.com', '(647) 885-0231', '1701 Martin Grove Rd', 'Toronto', 'M9V 4N4', 'ON', 'CA', NULL, 'customer', 1, NULL, NULL, NULL, 0, 1, 3, NULL, 'Bestco', 113, 114, '2023-05-19 20:51:46', '2023-05-19 20:51:46'),
(168, 'Beulah', '', 'Beulah', '$2y$10$v75jTw.f23MWuc8xRUAl7uLsyyk84GWBKwPMbrQG4WcyL5saiLRua', 'beulahsuperstore@gmail.com', '(905) 840-0602', '220 Wexford Rd', 'Brampton', 'L6Z 4N7', 'ON', 'CA', NULL, 'customer', 1, NULL, NULL, NULL, 0, 1, 10, NULL, 'Beulah African Superstore', 113, 114, '2023-05-19 20:57:20', '2023-05-19 20:57:20'),
(169, 'Alarafia', '', 'Alarafia', '$2y$10$l66bpRgYhU56YASkBarl..p9znmhAvVb7/esPsJBticHLQvBUUx7y', 'bismillah.grocery.mart.2022@gmail.com', '(519) 645-0777', '122 Wharncliffe Road', 'London', 'N6J2K3', 'ON', 'CA', NULL, 'customer', 1, NULL, NULL, NULL, 0, 1, 10, NULL, 'Bismillah Bazar London Inc.', 113, 114, '2023-05-19 20:59:44', '2023-05-19 20:59:44'),
(170, 'Fahim', '', 'Blossom Pure Organic', '$2y$10$zEsEHcPwfxTjmbX0.9d9DeNXan5YBHkCaMD0uVsfZAjGJFUxbdMC.', 'admin@blossompure.com', '(647) 829-8585', '100 The East Mall #15', 'Toronto', 'M8Z 5X2', 'ON', 'CA', NULL, 'customer', 1, NULL, NULL, NULL, 0, 1, 10, NULL, 'Blossom Pure Organic', 113, 114, '2023-05-19 21:01:38', '2023-05-19 21:01:38'),
(171, 'Blue', 'Sky', 'Blue Sky Supermarket', '$2y$10$Zb3q3N0Fjww1qac3RqQEEOQ8jFRcd7nO0dscmENjKMVWnEdC47mWu', 'service@blueskysupermarket.com', '(416) 241-8889', '1611 Wilson Ave,', 'Toronto', 'M3L1A5', 'ON', 'CA', NULL, 'customer', 1, NULL, NULL, NULL, 0, 1, 3, NULL, 'Blue Sky Supermarket', 113, 114, '2023-05-19 21:03:54', '2023-05-19 21:03:54'),
(172, 'rehan', '', 'Brands Choice Canada Inc.', '$2y$10$uVw7QogIFCKbbgaQ7aEfxekwPk7Av//MFydoaKo27xkelkUz6fKJm', 'rehan@brandschoicecanada.com', '(416) 871-2197', '39 Octillo Blvd.', 'Brampton', 'L6R2PC', 'ON', 'CA', NULL, 'customer', 1, NULL, NULL, NULL, 0, 1, 10, NULL, 'Brands Choice Canada Inc.', 113, 114, '2023-05-19 21:05:45', '2023-05-19 21:05:45'),
(173, 'Sean', '', 'Cactus', '$2y$10$e9LWtikw3sfjDuKPrNfQuOYWYRN6bPwzZExqBSlMcZXVIdOzghxdK', 'sean@cactusexoticfoods.ca', '(416) 633-2412', '1911 Finch Ave W', 'Toronto', 'M3N 2V2', 'ON', 'CA', NULL, 'customer', 1, NULL, NULL, NULL, 0, 1, 3, NULL, 'Cactus', 113, 114, '2023-05-19 21:08:06', '2023-05-19 21:08:06'),
(174, 'abbasi_sakhar', '', 'Cafe on route', '$2y$10$reMpA7BolFDHUghgwctJluEcHzIv3X7mTTyuKqU.62F8joOTmCnde', 'abbasi_sakhar@hotmail.com', '(519) 729-9799', '645 lauralwood Dr.', 'Waterloo', 'N2V 2S9', 'ON', 'CA', NULL, 'customer', 1, NULL, NULL, NULL, 0, 1, 3, NULL, 'Cafe on route', 113, 114, '2023-05-19 21:12:20', '2023-05-19 21:12:20'),
(175, 'Cami', '', 'Cami International Holdings', '$2y$10$/oyNMJ6ABLfEDaxaB9Ixo.W0QEi2rdmL8mtNEILXyqyI.vf.FCwrO', 'aw_maintenance@hotmail.com', '(905) 732-9111', '620 Rusholme Road,', 'Welland', 'L3B 5N7', 'ON', 'CA', NULL, 'customer', 1, NULL, NULL, NULL, 0, 1, 10, NULL, 'Cami International Holdings', 113, 114, '2023-05-19 21:14:57', '2023-05-19 21:14:57'),
(176, 'Darlene', '', 'Canada Feng Tai International', '$2y$10$dAQ262uyYK/0/CotfpuggutAdT1srI6KJ8ra824wtr9zon7xfQ9dS', 'canadafengtai@gmail.com', '(416) 497-6666', '1100 Gordon Baker Rd,', 'Toronto', 'M2H 3B3', 'ON', 'CA', NULL, 'customer', 1, NULL, NULL, NULL, 0, 1, 10, NULL, 'Canada Feng Tai International ', 113, 114, '2023-05-19 21:16:48', '2023-05-19 21:16:48'),
(177, 'Rosie', '', 'Carribean Island Food', '$2y$10$sy5ddzJolKK89ys54adywem1W68o2ysmMoOCVLUSdXZ7Rn9xinb1a', 'westwoodsupermarket@gmail.com', '(647) 430-5717', '3432 Weston Rd,', 'Toronto', 'M9M 2W1', 'ON', 'CA', NULL, 'customer', 1, NULL, NULL, NULL, 0, 1, 3, NULL, 'Carribean Island Food', 113, 114, '2023-05-19 21:20:09', '2023-05-19 21:20:09'),
(178, 'yankeebudhu', '', 'Charley\'s West Indian Foods', '$2y$10$N/bO0iu8o5LlNauu9ztTMOSJGPyAmHNV76W1hShT7dW/eJjhtZcwq', 'yankeebudhu@gmail.com', '(416) 283-1441', '1154 Morningside Avenue, Unit 1170', 'Toronto', 'M1B 3A4', 'ON', 'CA', NULL, 'customer', 1, NULL, NULL, NULL, 0, 1, 3, NULL, 'Charley\'s West Indian Foods Lt', 113, 114, '2023-05-19 21:22:11', '2023-05-19 21:22:11'),
(179, 'yankeebudhu', '', 'Charley\'s Restaurant', '$2y$10$grbl617RrFqxKmueu7Kj8.HgFEwPYif7TUh3YxvANYxT.BdjANeXS', 'info@think-huge.com', '(416) 282-8608', '1158 Morningside Avenue, Unit 3', 'Toronto', 'M1B 3A4', 'ON', 'CA', NULL, 'customer', 1, NULL, NULL, NULL, 0, 1, 3, NULL, 'Charley\'s Restaurant O/A Charl', 113, 114, '2023-05-19 21:26:48', '2023-05-19 21:26:48'),
(180, 'Derek', '', 'Charlie Meats', '$2y$10$BD6YMEAnObDu6Ybb953kxeKusl3.iqhKhvS6dMNVVUA2GmYBwr7Nq', 'charliemeat@hotmail.com', '(905) 896-2226', '3065 Hurontario Street, Unit 6', 'Mississauga', 'L5A 2G9', 'ON', 'CA', NULL, 'customer', 1, NULL, NULL, NULL, 0, 1, 3, NULL, 'Charlie Meats O/A1344389 Ontar', 113, 114, '2023-05-19 21:29:23', '2023-05-19 21:29:23'),
(181, 'Charlie', '', 'Charlie Mississauga', '$2y$10$kr5mB6ZnbV2zgNmoZwjCCOTf.J.eLNQsoZMbQ7coUzj8G4lpxyu52', 'charlieswest@hotmail.com', '(416) 801-3606', '3057 Hurontario St. Unit 10,', 'Mississauga', 'L5A 2G9', 'ON', 'CA', NULL, 'customer', 1, NULL, NULL, NULL, 0, 1, 3, NULL, 'Charlie\'s West Indian Food Mar', 113, 114, '2023-05-19 21:31:25', '2023-05-19 21:31:25'),
(182, 'Cecil', '', 'Charloos West Indian Foods Inc', '$2y$10$HlhGMaH8cTcxkU2gaeWVNe49RfUV9S7jXvMu3UXYFs5zu2VENpnxO', 'charloowi@hotmail.com', '(416) 759-7680', '1646 Victoria Park Avenue,', 'Toronto', 'M1R 1P7', 'AB', 'CA', NULL, 'customer', 1, NULL, NULL, NULL, 0, 1, 3, NULL, 'Charloos West Indian Foods Inc', 113, 114, '2023-05-19 21:32:59', '2023-05-19 21:32:59'),
(183, 'm_sbaih', '', 'Chop Shop Fine Halal Meat', '$2y$10$hSFk/DcSYfoO1ZRt3TztqOHidfdDqFQSunskEV34C04RxFK/AdJK2', 'm_sbaih@hotmail.com', '(905) 272-2467', '1970 Eglinton Ave. E.,', 'Toronto', 'M1L 2M6', 'ON', 'CA', NULL, 'customer', 1, NULL, NULL, NULL, 0, 1, 3, NULL, 'Chop Shop Fine Halal Meat (at ', 113, 114, '2023-05-19 21:36:01', '2023-05-19 21:36:01'),
(184, 'Mr.', 'Lee', 'CLP Seafood Inc.', '$2y$10$.CE8IayMMnOcKWhuGtymZe60zwMqxcccpbZ2l9/f5uvpCNkxIPJem', 'clpco@rogers.com', '(416) 675-3966', '1889 Albion Road, unit 5', 'Toronto', 'M9W 5S9', 'ON', 'CA', NULL, 'customer', 1, NULL, NULL, NULL, 0, 1, 10, NULL, 'CLP Seafood Inc.', 113, 114, '2023-05-19 21:38:28', '2023-05-19 21:38:28'),
(185, 'steven', 'chen', 'COOL OCEAN', '$2y$10$9odk4WBHpmj2bFB5ER7Zj.S0kbDHmu0BZNt0QQI/H/4N1BTuHGKli', 'stevenchen668.201314@gmail.com', '(416) 301-1167', '5988 Ambler Drive,', 'Mississauga', 'L4W 2P2', 'ON', 'CA', NULL, 'customer', 1, NULL, NULL, NULL, 0, 1, 10, NULL, 'COOL OCEAN', 113, 114, '2023-05-19 21:40:46', '2023-05-19 21:40:46'),
(186, 'rsookdeo', '', 'Cove Supermarket', '$2y$10$1JdOFkJIzCHS8mCw6xVHSeRT93hyLLX5d.sLTVCFZML/bkU1Ui7KK', 'rsookdeo6@gmail.com', '(416) 669-2873', '3585 Keele Street,Unit 11', 'Toronto', 'M3J 3H5', 'ON', 'CA', NULL, 'customer', 1, NULL, NULL, NULL, 0, 1, 3, NULL, 'Cove Supermarket', 113, 114, '2023-05-19 21:44:00', '2023-05-19 21:44:00'),
(187, 'Remington', '', 'Crys-Lee West Indian Market', '$2y$10$pegfS9Zgu7VMJ4gTDleEmuxOcWakJPesKGwtTHdfRk3tYqHEzP5/.', 'mustapha_khan@hotmail.com', '(905) 426-2111', '20 Harwood Avenue South', 'Ajax', 'L1S 6N2', 'ON', 'CA', NULL, 'customer', 1, NULL, NULL, NULL, 0, 1, 3, NULL, 'Crys-Lee West Indian Market', 113, 114, '2023-05-19 21:48:15', '2023-05-19 21:48:15'),
(188, 'tahir', '', 'Custom Choice Chicken', '$2y$10$6rOvuzvcDSMKWOqTutvWi.RJzWVeD6.P1jAB91lW0oPwXxAYU9nY2', 'tahirq01@gmail.com', '(416) 505-6572', '1602-3939 Duke of York Blvd,', 'Mississauga', 'L5B4N2', 'ON', 'CA', NULL, 'customer', 1, NULL, NULL, NULL, 0, 1, 10, NULL, 'Custom Choice Chicken', 113, 114, '2023-05-19 21:49:54', '2023-05-19 21:49:54'),
(189, 'katie', '', 'D AND D POULTRY', '$2y$10$fJrjFbbVOI.zDBXXKytEkuIgQheBaBejHViqK6mJQhbvrANqDFAAO', 'katie@ddpoultry.com', '(416) 609-9300', '300 Milliken Blvd,', 'Toronto', 'M1V4T4', 'ON', 'CA', NULL, 'customer', 1, NULL, NULL, NULL, 0, 1, 1, NULL, 'D AND D POULTRY', 113, 114, '2023-05-23 20:21:25', '2023-05-23 20:21:25'),
(190, 'Danny', '', 'Danny OTT', '$2y$10$hnAf/mlP4i.ToZrbWzm3ceM02r0XK/A6One1CtGGQDHvRUjBJNvOm', 'kingsmeatwholesale@gmail.com', '(416) 723-1995', '2691 Markam rd. Unit 29,', 'Toronto', 'M1X1L4', 'ON', 'CA', NULL, 'customer', 1, NULL, NULL, NULL, 0, 1, 1, NULL, 'Danny OTT', 113, 114, '2023-05-23 20:23:00', '2023-05-23 20:23:00'),
(191, 'majdiabutaha', '', 'Dubai Butcher Shop', '$2y$10$hephKbOJDstMO05pUByGL..S80IUhO.dsji0nCeLSsJDI5qaDwVC6', 'majdiabutaha@gmail.com', '(647) 343-2111', '1322 Gerrard Street East ,', 'Toronto', 'M4L1Z1', 'ON', 'CA', NULL, 'customer', 1, NULL, NULL, NULL, 0, 1, 1, NULL, 'Dubai Butcher Shop', 113, 114, '2023-05-23 20:33:08', '2023-05-23 20:33:08'),
(192, 'habib', '', 'Dubai Foods', '$2y$10$iqH/yOTDXk9Kix7sLTEvYuyqyqDpz/4U075FYTfw7xVDZ0QYz8Zd6', 'b_habib@yahoo.ca', '(647) 886-9340', '120 Queens Plate Drive', 'Toronto', 'M9W6P8', 'ON', 'CA', NULL, 'customer', 1, NULL, NULL, NULL, 0, 1, 1, NULL, 'Dubai Foods', 113, 114, '2023-05-23 20:34:55', '2023-05-23 20:34:55'),
(193, 'Tahir', '', '1505040 Ontario Limited O/A', '$2y$10$m2698.U3vmB4PWxtMrSUz.EY8.rykQ9ttQRC579h17lHAOpVic3r2', 'info@eaglepoultry.com', '(416) 450-9029', '442 Brimley Rd, U 4,', 'Toronto', 'M1J1A1', 'ON', 'CA', NULL, 'customer', 1, NULL, NULL, NULL, 0, 1, 10, NULL, 'Eagle Poultry', 113, 114, '2023-05-23 20:37:07', '2023-05-23 20:37:07'),
(194, 'Br.', '', 'East meats West', '$2y$10$eyUIb7UV.zDuLDOgsmuf7.8I56ldEnv1PNCndUeCkCTfEK1Q4pt16', 'info@emwhalal.com', '(905) 279-0361', '2399 Cawthra Road,', 'Mississauga', 'L5A2W9', 'ON', 'CA', NULL, 'customer', 1, NULL, NULL, NULL, 0, 1, 1, NULL, 'East meats West', 113, NULL, '2023-05-23 20:39:17', '2023-05-23 20:39:17'),
(195, 'Janeth', 'Lauza', 'El Amigo Fast Food Service Ltd', '$2y$10$CCzVIeBUbUGDX.jbFwYCTeyI8/JS2yz0QrK1PObRliWMyc88GFKjq', NULL, '(416) 614-1136', '2312 Keele St,', 'Toronto', 'M6M 3Z8', 'ON', 'CA', NULL, 'customer', 1, NULL, NULL, NULL, 0, 1, 10, NULL, 'El Amigo Fast Food Service Ltd', 113, 114, '2023-05-24 18:46:16', '2023-05-24 18:46:16'),
(196, 'Ali', '', 'Elmwood', '$2y$10$fPheabbH4JJswcc.sKMXROB9MoZ0prVJ6vsw8U/vlktiUx1jJRQFa', 'idtadeo@sympatico.ca', '(905) 274-3010', '170 Lakeshore Rd E,', 'Mississauga', 'L5G 1G1', 'ON', 'CA', NULL, 'customer', 1, NULL, NULL, NULL, 0, 1, 1, NULL, 'Elmwood', 113, 114, '2023-05-24 19:00:34', '2023-05-24 19:00:34'),
(197, 'selvan', 'raja', 'Erra Supermarket & Wholesale', '$2y$10$XXahiN4/JveiIkSfBf7C5uYBH6LDINRfzx6yJjIK2257/5t.93o3C', 'selvan_raja@hotmail.com', '(416) 292-2622', '5930 Finch Avenue E,', 'Toronto', 'M1B 5P8', 'ON', 'CA', NULL, 'customer', 1, NULL, NULL, NULL, 0, 1, 10, NULL, 'Erra Supermarket & Wholesale', 113, 114, '2023-05-24 19:02:36', '2023-05-24 19:02:36'),
(198, 'Abdullah', '', 'FAMOUS TANDOOR', '$2y$10$PjQDmkLsnXkcK0qgHPioH.S523X/SYZOV.sybs7dGnKyk6pyCznXC', 'manager@famoustandoor.com', '(807) 286-7864', '188 Algoma St thunder bay, Thunder Bay, ON P7B 3B9', 'Thunder Bay', 'P7B 3B9', 'ON', 'CA', NULL, 'customer', 1, NULL, NULL, NULL, 0, 1, 3, NULL, '2699909 Ontario Inc. FAMOUS TA', 113, 114, '2023-05-24 19:05:02', '2023-05-24 19:05:02'),
(199, 'Hanif', '', 'Fh Multi Foods', '$2y$10$039WglQP3xieqdtcPwfdHOJs6Db5aXV6mrZWeo1vLhgUub86mGpxy', 'fhmultifoods@hotmail.com', '(905) 273-7115', '3061 Hurontario St, Mississauga', 'Mississauga', 'L5A 2G9', 'ON', 'CA', NULL, 'customer', 1, NULL, NULL, NULL, 0, 1, 1, NULL, 'Fh Multi Foods', 113, 114, '2023-05-24 19:07:41', '2023-05-24 19:07:41'),
(200, 'N/A', '', 'First Choice Supermarket', '$2y$10$4nC6Nw2YmYwtiuubtRXel.TJDc.TvhLo340UeWZX5j9Io3lmz/cOi', NULL, '(905) 944-0388', '7866 Kennedy Rd,', 'Markam', 'L3R 0L', 'ON', 'CA', NULL, 'customer', 1, NULL, NULL, NULL, 0, 1, 3, NULL, 'First Choice Supermarket', 113, 114, '2023-05-24 19:12:38', '2023-05-24 19:12:38'),
(201, 'N/A', '', 'Fleetwood Acres Homestyle Bake', '$2y$10$rFPUllP7i/WPxd14JTOmRuk.vvaP6qD9.btnSmtyf4fiLmZCpbu2G', 'info@fleetwoodacres.ca', '(905) 659-4545', '1847 Centre Road.RR #2, Hamilton, Ont L8N 2Z7', 'Hamilton', 'L8N 2Z7', 'ON', 'CA', NULL, 'customer', 1, NULL, NULL, NULL, 0, 1, 1, NULL, 'Fleetwood Acres Homestyle Bake', 113, 114, '2023-05-24 20:17:52', '2023-05-24 20:17:52'),
(202, 'Folak', '', 'Folak', '$2y$10$tb150qJdRTPWScqokWbUKezIljmrFQ85yVWk9jc62bJc6fhqk/sBq', NULL, '(905) 457-9079', '9446 Mclaughin Rd. N,', 'Brampton', 'L6X4H9', 'ON', 'CA', NULL, 'customer', 1, NULL, NULL, NULL, 0, 1, 1, NULL, 'Folak', 113, 114, '2023-05-24 20:19:48', '2023-05-24 20:19:48'),
(203, 'Foody', '', 'Foody Mart', '$2y$10$2X8a7FtUe3GMw2Q8u.jrJuOigK4VwJ5sW61u5cfxz5RSNwhI71RpW', 'foodymart2008@gmail.com', '(416) 490-9890', '355 Bamburgh Circle,', 'Toronto', 'M1W3Y1', 'ON', 'CA', NULL, 'customer', 1, NULL, NULL, NULL, 0, 1, 10, NULL, 'Foody Mart O/B 2176407 Ontario', 113, 114, '2023-05-24 20:22:00', '2023-05-24 20:22:00'),
(204, 'Tim', '', 'Fresh Value', '$2y$10$.vEshKISX6iNwxDkzUNDOOVdYm6Q/uFI1N9h6nDhW.mnFEwvergPi', 'freshvalue06@gmail.com', '(416) 570-1313', '2267 Islington Ave,', 'Toronto', 'M9W 3W7', 'ON', 'CA', NULL, 'customer', 1, NULL, NULL, NULL, 0, 1, 3, NULL, 'Fresh Value', 113, 114, '2023-05-24 20:23:36', '2023-05-24 20:23:36'),
(205, 'Wan', '', 'Fresh Win Foodmart', '$2y$10$A51XEVKJQ068MOVA6NZAb.UzbQ.MJbhD69VOR9iq9QulMZtwRY4cm', 'freshwinfoodmart@gmail.com', '(905) 459-3999', '50 Kennedy Road S.', 'Brampton', 'L6W3R7', 'ON', 'CA', NULL, 'customer', 1, NULL, NULL, NULL, 0, 1, 3, NULL, 'Fresh Win Foodmart', 113, 114, '2023-05-24 20:25:07', '2023-05-24 20:25:07'),
(206, 'slaimon', '', 'FRESHCO O/B Kabul Farms Halal', '$2y$10$xidwuSSIaX9cCtc4RsM7q.4l5Gamys4.dBsvvzeEAFPdGvYz3qdna', 'slaimon.shahnawazi@gmail.com', '(416) 877-9551', 'Jane Finch Mall, 3925 Jane Street,', 'Toronto', 'M3N 2K1', 'ON', 'CA', NULL, 'customer', 1, NULL, NULL, NULL, 0, 1, 3, NULL, 'FRESHCO O/B Kabul Farms Halal ', 113, 114, '2023-05-24 20:28:15', '2023-05-24 20:28:15'),
(207, 'Joe', 'and', 'G Central Market', '$2y$10$z25ejdA.WDEOBho7jtVR9OTSmunzg5MmZLemkyFMF8W5Q7CPnn.9e', NULL, '(647) 836-1259', '21 Royalcrest Road', 'Toronto', 'M9V 2L6', 'ON', 'CA', NULL, 'customer', 1, NULL, NULL, NULL, 0, 1, 3, NULL, 'G Central Market', 113, 114, '2023-05-24 20:30:01', '2023-05-24 20:30:01'),
(208, 'George', 'Prasad', 'G.Prasad Caribbean & Oriental', '$2y$10$UolpitY6Xa447T.jbh5lVufriCDAyh3SXIkApl2PXyVIHm/hbYGt.', 'impexco@rogers.com', '(416) 291-9260', '4559 Sheppard Ave,', 'Toronto', 'M1S 1V3', 'ON', 'CA', NULL, 'customer', 1, NULL, NULL, NULL, 0, 1, 3, NULL, 'G.Prasad Caribbean & Oriental ', 113, 114, '2023-05-24 20:31:47', '2023-05-24 20:31:47'),
(209, 'N/A', '', 'Gazi Halal Meat', '$2y$10$jGRO7QMPefQ7mYYDuRcNg.B3x8stnWB4oRf3K3PPrEVdJ0wakb0K2', NULL, '(613) 700-5489', '1950 Merivale Rd,', 'Nepean', 'K2G 5T5', 'ON', 'CA', NULL, 'customer', 1, NULL, NULL, NULL, 0, 1, 1, NULL, 'Gazi Halal Meat', 113, 114, '2023-05-24 20:33:07', '2023-05-24 20:33:07'),
(210, 'Gem', '', 'Gem West Indian Store', '$2y$10$y7Zc9ij.Q1Slzwr.CE1KleV4wqVO/ZmjS7KG2uC84rXvliQSh1O.6', NULL, '(905) 458-4400', '1785 Queen Street East', 'Brampton', 'L6T4S3', 'ON', 'CA', NULL, 'customer', 1, NULL, NULL, NULL, 0, 1, 1, NULL, 'Gem West Indian Store/2448357 ', 113, 114, '2023-05-24 20:35:43', '2023-05-24 20:35:43'),
(211, 'N/A', '', 'Genesis Power', '$2y$10$s5HEeVHagzFqPSAZx08WsO66Ry4jS0LaPs3drCE/09loMMaDB04/e', 'admin@petim.ca', '(289) 259-7021', '200-10 George St.', 'Hamilton', 'L8P 1C8', 'ON', 'CA', NULL, 'customer', 1, NULL, NULL, NULL, 0, 1, 10, NULL, 'Genesis Power', 113, 114, '2023-05-24 20:41:53', '2023-05-24 20:41:53'),
(212, 'James', '', 'Global Alliance', '$2y$10$uua1kenDZ9F0wqLUYyOOhuuoGFfyWtJQFGSx5BksSq95uSkqOhf36', 'gacanada@gmail.com', '(416) 300-1244', '8 Tefley Rd,', 'Toronto', 'M2M 1C5', 'ON', 'CA', NULL, 'customer', 1, NULL, NULL, NULL, 0, 1, 10, NULL, 'Global Alliance', 113, 114, '2023-05-24 20:43:24', '2023-05-24 20:43:24'),
(213, 'Stephen', '', 'Grand Royal International Inc.', '$2y$10$aQQqcvzxQXCFLTdDdnwvWOOKsvwFLBCi4d6JkdKLmDdfS.c5rEqkO', 'stephen@grandroyal.ca', '(905) 699-1322', '6767 Pacific Circle,Unit 1', 'Mississauga', 'L5T 1S6', 'ON', 'CA', NULL, 'customer', 1, NULL, NULL, NULL, 0, 1, 10, NULL, 'Grand Royal International Inc.', 113, 114, '2023-05-25 18:28:07', '2023-05-25 18:28:07'),
(214, 'N/A', '', 'Great Lakes', '$2y$10$KF4ozPB8y.Gvms/EYKQz3OwCylCuxzaW2HRwkMzrcQt7dfpJZ/h8G', NULL, '(416) 292-5565', '140 Milner Av,', 'Toronto', 'M1S 3R3', 'AB', 'CA', NULL, 'customer', 1, NULL, NULL, NULL, 0, 1, 3, NULL, 'Great Lakes', 113, 114, '2023-05-25 18:30:52', '2023-05-25 18:30:52'),
(215, 'Dominic', 'Greco', 'Greco O/B 1679151 Ontario Inc.', '$2y$10$c2D/nMcNapNVf9UrHe428.RpHwmDxb7fSjWropq56/e4YSobKum.K', NULL, '(905) 949-1921', '12958 9th Line', 'Stouville', 'L4A 7X3', 'ON', 'CA', NULL, 'customer', 1, NULL, NULL, NULL, 0, 1, 10, NULL, 'Greco O/B 1679151 Ontario Inc.', 113, 114, '2023-05-25 18:33:50', '2023-05-25 18:33:50'),
(216, 'Green', '', 'Green\'s West Indian Groceries', '$2y$10$XKtIWsr7/49rxqYFSTnYJOqtgpbUPRitE.kwFYpPRqi2PmayUOyou', 'info@greensgroceries.ca', '(647) 970-6399', '11 Westmore Dr,', 'Toronto', 'M9V 3Y6', 'ON', 'CA', NULL, 'customer', 1, NULL, NULL, NULL, 0, 1, 1, NULL, 'Green\'s West Indian Groceries', 113, 114, '2023-05-25 18:35:38', '2023-05-25 18:35:38'),
(217, 'N/A', '', 'Habibi Lounge', '$2y$10$EA1la9/4uIUgzpGtWUhlwO7zjW64t5uhDet87r/q5LgKIHPlQiSUu', NULL, '(905) 956-6333', '2921 Derry Rd E,', 'Mississauga', 'L4T 1A6', 'ON', 'CA', NULL, 'customer', 1, NULL, NULL, NULL, 0, 1, 10, NULL, 'Habibi Lounge', 113, 114, '2023-05-26 17:11:19', '2023-05-26 17:11:19'),
(218, 'Dawood', '', 'Hafiz Halal', '$2y$10$RQJrCCTueeCkmNHkRvd1wOBHHSO.kIAYAoaHWO3dTBKxijcoq34ve', NULL, '(416) 688-7624', '100 Burrows Hall Blvd,', 'Toronto', 'M1B 1M6', 'ON', 'CA', NULL, 'customer', 1, NULL, NULL, NULL, 0, 1, 10, NULL, 'Hafiz Halal - dawood', 113, 114, '2023-05-26 17:13:57', '2023-05-26 17:13:57'),
(219, 'Haider', '', 'Haider Trading', '$2y$10$gmChifiZECWpo49p7WW.lOaCa4cXht/3QLLHlKOLKMySPHNgcoWTG', 'haidertrading1@gmail.com', '(333) 333-3333', '7250 Cambrett Mississauga,', 'Mississauga', 'L4T 2R5', 'ON', 'CA', NULL, 'customer', 1, NULL, NULL, NULL, 0, 1, 10, NULL, 'Haider Trading', 113, 114, '2023-05-26 17:17:18', '2023-05-26 17:17:18'),
(220, 'Taufiq', '', 'Halal Bounty Inc.', '$2y$10$4Ny/HFAvQGZ3hIsv.yNKlu0l45d/gmoG3AbY4y9jQgnaE0pSy7vku', 'halalbounty@gmail.com', '(416) 399-4633', '#3-442 Brimley Road, Scarborough, Ontario M1J1A1', 'Toronto', 'M1J 1A1', 'ON', 'CA', NULL, 'customer', 1, NULL, NULL, NULL, 0, 1, 10, NULL, 'Halal Bounty Inc.', 113, 114, '2023-05-26 17:19:25', '2023-05-26 17:19:25'),
(221, 'Mostapha', 'Elmnini', 'Halal By Choice', '$2y$10$Hw0O0Ff/uUPPb//SyKOes.fjRRtZzxnoIJ7MSJ.u5jDxSymvB0rtK', 'mostapha.elmnini@gmail.com', '(416) 750-0586', '867-210 Silver Star Blvd., Scarborough, ON M1V 5J9', 'Toronto', 'M1V 5J9', 'ON', 'CA', NULL, 'customer', 1, NULL, NULL, NULL, 0, 1, 10, NULL, 'Halal By Choice', 113, 114, '2023-05-26 17:22:10', '2023-05-26 17:22:10'),
(222, 'N/A', '', 'Hannah Supermarket', '$2y$10$ZphFkUwc81ZRDN945WkrDediLjMfI9godZSXNYC0JzgOxnwhHIXJi', NULL, '(905) 706-2820', '701 Dundas Street W', 'Whitby', 'K8N 4Z2', 'ON', 'CA', NULL, 'customer', 1, NULL, NULL, NULL, 0, 1, 1, NULL, 'Hannah Supermarket', 113, 114, '2023-05-26 17:24:02', '2023-05-26 17:24:02'),
(223, 'Hassan', '', 'Hassan Meat Supply Inc.', '$2y$10$ZgZAyvCYfAq5KjXrnhIXTeVvrKxG0YOQefDj2e36oHnz0xjy.2iuW', 'hassank3@yahoo.ca', '(416) 285-9446', '2370 Midland Avenue, Unit A30,', 'Toronto', 'M1S 5C6', 'ON', 'CA', NULL, 'customer', 1, NULL, NULL, NULL, 0, 1, 10, NULL, 'Hassan Meat Supply Inc.', 113, 114, '2023-05-26 17:26:13', '2023-05-26 17:26:13'),
(224, 'Hayat', '', 'Hayat Halal', '$2y$10$3Np7yaG6hrBKOcYfS4Z.1.RnOJoZpT.3pDonfliVi4barQkQNDyyS', NULL, '(905) 488-8053', '144 Kennedy Rd S #7,', 'Brampton', 'L6W 3G4', 'ON', 'CA', NULL, 'customer', 1, NULL, NULL, NULL, 0, 1, 10, NULL, 'New Hayat Grocery  Halal Meat', 113, 114, '2023-05-26 17:31:30', '2023-05-26 17:31:30'),
(225, 'N/A', '', 'Hing Man Meats', '$2y$10$E6jJokvvVCvVrU9t2Mh4s.eD5D7tx9XJeWjr8brLvkEWYnAp2BwPW', 'hingman1999@hotmail.com', '(416) 321-3882', '5320 Finch Avenue East., Scarborough, Ontario M1S 5G3', 'Toronto', 'M1S 5G3', 'ON', 'CA', NULL, 'customer', 1, NULL, NULL, NULL, 0, 1, 10, NULL, 'Hing Man Meats', 113, 114, '2023-05-26 17:33:25', '2023-05-26 17:33:25'),
(226, 'pietra.velinor', '', 'Independent Electricity System', '$2y$10$6AP/0Lnq4TXslbKqn3cBXeBsO/IEJnleo2SWqNQL7RbqWnhkljo5y', 'pietra.velinor@retrofitprogram.ca', '(416) 844-3062', '120 Adelaide Street West,Suite 1600, Toronto, Ontario M5H 1T1', 'Toronto', 'M5H 1T1', 'ON', 'CA', NULL, 'customer', 1, NULL, NULL, NULL, 0, 1, 10, NULL, 'IESO', 113, 114, '2023-05-26 17:35:45', '2023-05-26 17:35:45'),
(227, 'Ishtiaq', '', 'Ishtiaq', '$2y$10$U887yeDgYow3hT60er1SIOvrfLyGx95cmqisthim1sldUGTQUuwXC', NULL, '(416) 456-5477', 'Ishtiaq', 'Toronto', '0N0 N0N', 'ON', 'CA', NULL, 'customer', 1, NULL, NULL, NULL, 0, 1, 10, NULL, 'Ishtiaq', 113, 114, '2023-05-26 17:44:46', '2023-05-26 17:44:46'),
(228, 'Khalid', 'Ford', 'Island Cream Caribbean Cuisine', '$2y$10$mYrsl9oCT9HMPRNKJIgYRuJcwBsj6FOTwt.WsxhhmP0hsvaMS9g.C', NULL, '(705) 743-8398', '227 Hunter St W, Peterborough,', 'Peterborough', 'K9H 2L1', 'ON', 'CA', NULL, 'customer', 1, NULL, NULL, NULL, 0, 1, 3, NULL, 'Island Cream Caribbean Cuisine', 113, 114, '2023-05-26 18:14:22', '2023-05-26 18:14:22'),
(229, 'Melissa', '', 'Island People West Indian Supe', '$2y$10$JrTlStu5dN72tXmgwcAI5elIiWgXldYAXO8Fq7kzIsNPoSHUG71HS', 'admin@island-people.ca', '(905) 796-0099', '249 Queen St. E, Brampton, ON L6W2B8', 'Brampton', 'L6W2B8', 'ON', 'CA', NULL, 'customer', 1, NULL, NULL, NULL, 0, 1, 3, NULL, 'Island People West Indian Supe', 113, 114, '2023-05-26 18:16:43', '2023-05-26 18:16:43'),
(230, 'Ivan', '', 'Ivan', '$2y$10$mNIgP0IRPvYkzyIBKRdGTeQgUhHWgTJY4LCn4T.0LB4hwnasRY6T6', NULL, '(519) 636-1154', '106 Oprington CT', 'Kitchener', 'N2N 3E1', 'ON', 'CA', NULL, 'customer', 1, NULL, NULL, NULL, 0, 1, 1, NULL, 'Ivan', 113, 114, '2023-05-26 18:21:02', '2023-05-26 18:21:02'),
(231, 'N/A', '', 'J & S Fresh Meat Wholesale', '$2y$10$nCT7mXD9zWc0QPYDI9fHL.hG.eGEEcNq4ok3pZ2WuE4GUetFuS6xe', NULL, '(416) 261-3838', '1120 Tapscott Rd,', 'Toronto', 'M1X 1S9', 'ON', 'CA', NULL, 'customer', 1, NULL, NULL, NULL, 0, 1, 3, NULL, 'J & S Fresh Meat Wholesale', 113, 114, '2023-05-26 18:25:42', '2023-05-26 18:25:42'),
(232, 'N/A', '', 'J&J Daily', '$2y$10$TQZKekr64RhhaGas8Bg7Tewqx3YHLGHBb6lRf7xPkRbi0KFkFZoAO', 'jjdailymeat@gmail.com', '(905) 272-8200', '2399 Cawthra Rd Unit 35', 'Mississauga', 'L5A 2W9', 'ON', 'CA', NULL, 'customer', 1, NULL, NULL, NULL, 0, 1, 10, NULL, 'J&J Daily', 113, 114, '2023-05-26 18:35:51', '2023-05-26 18:35:51'),
(233, 'christine', '', 'J&J Trading', '$2y$10$pAqFCMpgeoZmFh5vvz7ANe5p4F9aAmpFHTIg8FmenQqIqSFsZwbAe', NULL, '(905) 272-8200', '40 Skagway Ave Unit 4,', 'Toronto', 'M1M3V1', 'ON', 'CA', NULL, 'customer', 1, NULL, NULL, NULL, 0, 1, 10, NULL, 'J&J Trading', 113, 114, '2023-05-30 19:20:32', '2023-05-30 19:20:32'),
(234, 'james', 'giggie', 'james giggie', '$2y$10$xmKXX8DaasKayrVp00Skp.45nmWN/C5Y7YcH6QVOiLkKYYX9/zNhO', 'jgigg@sympatico.ca', '(416) 262-1986', '123 Giggie Ave', 'Mississauga', 'L9P3M8', 'ON', 'CA', NULL, 'customer', 1, NULL, NULL, NULL, 0, 1, 10, NULL, 'james giggie', 113, 114, '2023-05-30 19:50:49', '2023-05-30 19:50:49'),
(235, 'Gazi', '', 'Jamuna Foods', '$2y$10$Q7.Y5../vVU07GQ7NCg8h.7AK079hOp4gB2lBV9rZBkjbpHbbP0XS', NULL, '(416) 705-2153', '760 Birchmount Rd. Unit 42', 'Toronto', 'M1K 1R7', 'ON', 'CA', NULL, 'customer', 1, NULL, NULL, NULL, 0, 1, 10, NULL, 'Jamuna Foods', 113, 114, '2023-05-30 19:55:01', '2023-05-30 19:55:01'),
(236, 'Jane', 'Food', 'Jane Food', '$2y$10$Y8Phif14p1kj1b7bqDiJqeEQP6hbuXkEFakAvhffQIfto.xXGIv1u', NULL, '(416) 241-7486', '1792 Jane St,, York, ON M9N 2T2', 'Toronto', 'M9N 2T2', 'ON', 'CA', NULL, 'customer', 1, NULL, NULL, NULL, 0, 1, 1, NULL, 'Jane Food', 113, 114, '2023-05-30 19:56:52', '2023-05-30 19:56:52'),
(237, 'Jas', 'Food', 'Jas Food', '$2y$10$7wox4EEOnIddtIWWxUXWveX9Tuz/FjjnWM5jObyP32PHmPZGOqIkm', NULL, '(647) 302-8716', '1650 Williams Pkwy,', 'Brampton', 'L6S 5R7', 'ON', 'CA', NULL, 'customer', 1, NULL, NULL, NULL, 0, 1, 3, NULL, 'Jas Foods O/B 2222589 Ont Inc/', 113, 114, '2023-05-30 20:02:07', '2023-05-30 20:02:07'),
(238, 'Urmela', 'Singh', 'Jas Supermarket', '$2y$10$cfOa3kmOOqA5QmmA/lzuOecywFKlxTt5j0yHI7yxAGA31doLyrM9e', 'urmelasingh724@gmail.com', '(416) 244-9713', '9025 Torbram Rd,', 'Brampton', 'L6S 3L2', 'ON', 'CA', NULL, 'customer', 1, NULL, NULL, NULL, 0, 1, 3, NULL, '2302776 Ontario Inc. O/A Jas S', 113, 114, '2023-05-31 20:32:17', '2023-05-31 20:32:17'),
(239, 'Jashim', '', 'Jashim - C B Impex Inc.', '$2y$10$1vDFq64HoYJjd0EmdOk7QuEMMZGFJw.pRj5ofwk3bv6GUBrALGJpW', 'cbimpex1@gmail.com', '(647) 707-2178', '2 Crescent Town Rd', 'East York', 'M4C 5L3', 'ON', 'CA', NULL, 'customer', 1, NULL, NULL, NULL, 0, 1, 10, NULL, 'C B Impex Inc.', 113, NULL, '2023-05-31 20:47:34', '2023-05-31 20:47:34'),
(240, 'Jennifer', '', 'Jia Cheng Trading LTD.', '$2y$10$CpczJE3.DSfpVPuKybIGvOniqMq7b7JDE3dbPCmwIWSpKpPehLgj.', 'jiachengtrading1218@gmail.com', '(647) 886-1788', '110 Dynamic Drive, Unit 59', 'Toronto', 'M1V5C8', 'ON', 'CA', NULL, 'customer', 1, NULL, NULL, NULL, 0, 1, 10, NULL, 'Jia Cheng Trading LTD.', 113, NULL, '2023-05-31 20:57:09', '2023-05-31 20:57:09'),
(241, 'Jian', 'Hing', 'Jian Hing Food Mart', '$2y$10$WjgvJNDJej71EHEYiZcVfOTZb6Yfzy9dwcAQ/5ZGmis7ALQiQkoWi', 'jianhing666@hotmail.com', '(416) 289-3999', '678 Markham Rd,', 'Scarborough', 'M1H 2A7', 'ON', 'CA', NULL, 'customer', 1, NULL, NULL, NULL, 0, 1, 10, NULL, 'Jian Hing Food Mart', 113, NULL, '2023-05-31 21:02:02', '2023-05-31 21:02:02'),
(242, 'N/A', '', 'Jun Da Trading LTD', '$2y$10$bC416ztHOjPbsEbOWlGMAukJfsjCgirTB3eabpLmwnalA9kB97FR.', 'johnxzheng@gmail.com', '(647) 355-2831', '290 Yorktech Drive', 'Markam', 'L6G 0A7', 'ON', 'CA', NULL, 'customer', 1, NULL, NULL, NULL, 0, 1, 10, NULL, 'Jun Da Trading LTD', 113, NULL, '2023-05-31 21:09:03', '2023-05-31 21:09:03'),
(243, 'Krishna', '', 'K.B. West Indian Grocery Store', '$2y$10$a5kvdJR9bAb0/ZytnLeZJe5yRHwKW2Eua3VbBwkc4RyDEuW9tYymS', 'krishna.bridgemohan@gmail.com', '(416) 708-3054', '2655 Lawerence Avenue East', 'Toronto', 'M1P 2S3', 'ON', 'CA', NULL, 'customer', 1, NULL, NULL, NULL, 0, 1, 3, NULL, 'K.B. West Indian Grocery Store', 113, NULL, '2023-05-31 21:13:03', '2023-05-31 21:13:03'),
(244, 'N/A', '', 'Kabul Farms Beverly hills', '$2y$10$/cItbWxWBY.OBKNi8dHZbu34n1u.E2VAjv55Yo8q.FQXOA1pGpvDO', NULL, '(416) 875-0679', '40 Beverly Hills Dr, North York, ON', 'North York', 'M3L 1A1', 'ON', 'CA', NULL, 'customer', 1, NULL, NULL, NULL, 0, 1, 3, NULL, 'Kabul Farms Beverly hills', 113, NULL, '2023-05-31 21:26:53', '2023-05-31 21:26:53'),
(245, 'Kandahar', 'Bazaar', 'Kandahar Bazaar', '$2y$10$PdCUGf/ohhuipF2WyRAaGuIuxptuoCSb1BFnx.yGi5Cjdbom2MIPO', 'reflexjeans@hotmail.com', '(905) 826-2424', '2275 Britannia Rd W #19', 'Mississauga', 'L5M 2G6', 'ON', 'CA', NULL, 'customer', 1, NULL, NULL, NULL, 0, 1, 3, NULL, 'Kandahar Bazaar', 113, NULL, '2023-05-31 21:29:54', '2023-05-31 21:29:54'),
(246, 'Kaneshi', '', 'Kaneshi Market', '$2y$10$eE2.N27PQIpo0/lzUuqWvOFqI.qO8ehj8WHVwxlp9ldV/rXNGRec.', NULL, '(416) 578-6123', '1050 Albion Rd', 'Toronto', 'M9V 1A7', 'ON', 'CA', NULL, 'customer', 1, NULL, NULL, NULL, 0, 1, 3, NULL, 'Kaneshi Market', 113, NULL, '2023-05-31 21:34:05', '2023-05-31 21:34:05'),
(247, 'Kera', 'Fresh', 'Kera Fresh Meat', '$2y$10$9OoJhAtNCldBvtNXh2lR5.c3DTEYLVux9b4kgcA1AeURzNYbeFXku', NULL, '(416) 699-5372', '2749 Danforth Ave', 'M4C 1L8', 'M4C 1L8', 'ON', 'CA', NULL, 'customer', 1, NULL, NULL, NULL, 0, 1, 3, NULL, 'Kera Fresh Meat', 113, NULL, '2023-05-31 21:42:56', '2023-05-31 21:42:56'),
(248, 'N/A', '', 'King Cross Supermarket', '$2y$10$LgZEDR4LP3uSR/FD2iTy5u6ezu2anHzmbs.9VM8RyHLIwB76Gd7oy', NULL, '(905) 790-3486', '25 Kings Cross Rd', 'Brampton', 'L6T 3V5', 'ON', 'CA', NULL, 'customer', 1, NULL, NULL, NULL, 0, 1, 3, NULL, 'King Cross Supermarket', 113, NULL, '2023-05-31 21:46:18', '2023-05-31 21:46:18'),
(249, 'Kishki', '', 'Kishki Halal', '$2y$10$bf7WDPgt2Vil/sE77fYX1Oc9QKTOPkqv1Cixhw/S2wM8f3fiWyojC', NULL, '(519) 208-2025', '468 Albert St', 'Waterloo', 'N2L 5A7', 'ON', 'CA', NULL, 'customer', 1, NULL, NULL, NULL, 0, 1, 10, NULL, 'Kishki Halal', 113, NULL, '2023-05-31 21:50:40', '2023-05-31 21:50:40'),
(250, 'N/A', '', 'Kishki Meats', '$2y$10$TsgMb1dD1I9MUAi6h/RAkuEevYDAeDoDi3AiZ7M.rjXsVMKONexQ6', 'info@kishkiworldfoods.com', '(519) 576-5262', '200 Highland Road West', 'Kitchener', 'N2M 3C2', 'ON', 'CA', NULL, 'customer', 1, NULL, NULL, NULL, 0, 1, 10, NULL, 'Kishki World Foods', 113, NULL, '2023-05-31 21:53:24', '2023-05-31 21:53:24'),
(251, 'Kismet', '', 'Kismet', '$2y$10$ilja/JDR2i8hJYaQ/TzcAe0uiJEK0dz8gbQXc1NlYLZE4JVSCljTS', 'waterloo.kismet@gmail.com', '(519) 746-8788', '160 University Ave W., Unit 20', 'Waterloo', 'N2L 3E9', 'ON', 'CA', NULL, 'customer', 1, NULL, NULL, NULL, 0, 1, 10, NULL, 'Kismet Restaurant O/B Barkoth ', 113, NULL, '2023-05-31 21:58:16', '2023-05-31 21:58:16'),
(252, 'N/A', '', 'L & F Montego Place Inc.', '$2y$10$Kww0ETI7xmntFVuu157QBe3htM7c5BUbl3RtCMq6oNk09s37jT4DG', 'letonsarquharson@gmail.com', '(613) 720-0381', '2211 St Joseph Bd', 'Orlans', 'K1C 7C5', 'ON', 'CA', NULL, 'customer', 1, NULL, NULL, NULL, 0, 1, 10, NULL, 'L & F Montego Place Inc.', 113, NULL, '2023-05-31 22:03:28', '2023-05-31 22:03:28'),
(253, 'Tommy,Kelly,', '', 'L&B Wholesale Meat', '$2y$10$PogT1NnMFHyP9T0Rd0ikmuJHbztRH7ACQ.FeVtGm9jzGQ.QYXE4du', NULL, '(416) 918-1733', '120 Dynamic Drive Unit #38', 'Toronto', 'M1V5C8', 'ON', 'CA', NULL, 'customer', 1, NULL, NULL, NULL, 0, 1, 10, NULL, '2055697 Ontario Ltd.', 113, 114, '2023-06-02 20:58:27', '2023-06-02 20:58:27'),
(254, 'L&L', 'Meat', 'L&L Meat', '$2y$10$w4BymzQHFjx1B3CMcAyUDuR6HtX2WFOONsYnRR66l/cHTgbDuim0.', NULL, '(416) 293-9388', '21 Milliken Blvd Unit C1, scarborough, ON M1V5H6', 'Toronto', 'M1V5H6', 'ON', 'CA', NULL, 'customer', 1, NULL, NULL, NULL, 0, 1, 10, NULL, 'L&L Meat', 113, 114, '2023-06-02 21:02:45', '2023-06-02 21:02:45'),
(255, 'N/A', '', 'Lake Land Meats', '$2y$10$rt3CYC2QiqQo9kyouyEsheDp6MDfa06Sa.ObeJ2D42CmtWFu0m.tW', 'lakelandmeats@bellnet.ca', '(905) 688-4570', '1226 St. Paul St., West,', 'St. Catherine', 'L2R 6P7', 'ON', 'CA', NULL, 'customer', 1, NULL, NULL, NULL, 0, 1, 10, NULL, 'Lake Land Meats', 113, 114, '2023-06-02 21:05:33', '2023-06-02 21:05:33'),
(256, 'luana', 'lauri', 'lauri meats', '$2y$10$fPFQhN7zmHZj6BtjOy2g9.tRUDYdrMfAo0wQeB.Dy41vtyPFeA6kC', 'luanalauri5@hotmail.com', '(416) 247-9899', '1696 Jane St, York,', 'Toronto', 'M9N 2S4', 'ON', 'CA', NULL, 'customer', 1, NULL, NULL, NULL, 0, 1, 1, NULL, 'lauri meats', 113, 114, '2023-06-02 21:09:18', '2023-06-02 21:09:18'),
(257, 'LAYALINA', '', 'LAYALINA BEIRUT RESTAURANT', '$2y$10$WrrcKmA8tT1i3ZY2eHpp7.8doUBX9bsjLZmW0sJcq92F33htKh3a2', NULL, '(905) 383-9999', '1275 Rymal Rd E,', 'Hamilton', 'L8W 3N1', 'ON', 'CA', NULL, 'customer', 1, NULL, NULL, NULL, 0, 1, 10, NULL, 'LAYALINA BEIRUT RESTAURANT', 113, NULL, '2023-06-03 16:03:35', '2023-06-03 16:03:35'),
(258, 'N/A', '', 'Lebanese Catering', '$2y$10$LBJsmUVzoO4Dv07Xyc.BYuuyScVo6NuTpemlRkh1ipHLF4eZsgK2i', NULL, '(647) 979-5553', '380 Bouvaird Dr. West Unit 50', 'Brampton', 'L6Z 2S1', 'ON', 'CA', NULL, 'customer', 1, NULL, NULL, NULL, 0, 1, 10, NULL, 'Lebanese Catering', 113, NULL, '2023-06-03 16:06:05', '2023-06-03 16:06:05'),
(259, 'N/A', '', 'Leela Supermarket', '$2y$10$zhir6U2CfiROe/Ail0O1huRjHNN4G3C28xbIA0qUVZ/m.a6fyn.BG', 'thinusha2985@yahoo.com', '(905) 453-3522', '263 QUEEN STREET EAST', 'BRAMPTON', 'L6W 3J3', 'ON', 'CA', NULL, 'customer', 1, NULL, NULL, NULL, 0, 1, 10, NULL, 'Leela Supermarket', 113, NULL, '2023-06-03 16:09:41', '2023-06-03 16:09:41'),
(260, 'N/A', '', 'Lena\'s Roti', '$2y$10$BQKnKgE0X.Luc5E6.iGfoOo.l.44ZjYv2uPDs9K6BY5XUE5l4UV.G', NULL, '(905) 497-4800', '2565 Steeles Ave E.', 'Brampton', 'L6T 4L6', 'ON', 'CA', NULL, 'customer', 1, NULL, NULL, NULL, 0, 1, 10, NULL, 'Lena\'s Roti', 113, NULL, '2023-06-03 16:11:44', '2023-06-03 16:11:44'),
(261, 'N/A', '', 'Little kabul', '$2y$10$ME0zsw.tgMTbnChRaSCUQueG2NTgQX65Kr5mLNMMEnof7CfGPWCzC', NULL, '(905) 693-1444', '925 Main St E', 'Milton', 'L9T 4H8', 'ON', 'CA', NULL, 'customer', 1, NULL, NULL, NULL, NULL, 1, 10, NULL, 'Little kabul', 113, NULL, '2023-06-03 16:15:03', '2023-06-03 16:15:24');
INSERT INTO `users` (`id`, `firstname`, `lastname`, `username`, `password`, `email`, `phone`, `address`, `city`, `postalcode`, `province`, `country`, `profile_picture`, `type`, `status`, `email_verified_at`, `remember_token`, `token_id`, `payment_term`, `payment_method`, `customer_type`, `description`, `business_name`, `sales_rep`, `driver_id`, `created_at`, `updated_at`) VALUES
(262, 'N/A', '', 'London Foods Ltd', '$2y$10$tLwfAilEeMmyNDBJx82DxeWqVOIOiq8dMokPpilaMO6NuzaOmnQYG', 'kim@londonfoods.com', '(519) 649-6499', '99 Enterprise Dr S', 'London', 'N6N 1B9', 'ON', 'CA', NULL, 'customer', 1, NULL, NULL, NULL, 0, 1, 10, NULL, 'London Foods Ltd', 113, NULL, '2023-06-03 16:19:23', '2023-06-03 16:19:23'),
(263, 'Mike', '', 'London Quality Halal Meat', '$2y$10$aHOVaMIAoyqRmHZ5JEb3TOUKMcmO9NQKCPQXsJXhRE.3TeWR9FFBS', 'mike.londonqualitymeat@gmail.com', '(519) 661-8696', '8076 Longwoods Road', 'London', 'N6P 1L4', 'ON', 'CA', NULL, 'customer', 1, NULL, NULL, NULL, 0, 1, 10, NULL, 'Al Barakah Halal Meat & chicke', 113, NULL, '2023-06-03 16:22:36', '2023-06-03 16:22:36'),
(264, 'Long', 'Hui', 'Long Hui', '$2y$10$KrM8nWiyMuqqgziJqxxM/uuMJ8F2ZigZPUj0QBivofBYcZ9SA3O.6', NULL, '(416) 744-8888', '2437 Finch Av W', 'North York', 'M9M 2E7', 'ON', 'CA', NULL, 'customer', 1, NULL, NULL, NULL, 0, 1, 10, NULL, 'Long Hui', 113, NULL, '2023-06-03 16:24:42', '2023-06-03 16:24:42'),
(265, 'N/A', '', 'MadaniOntario Ltd', '$2y$10$UdFu2CI9Wj9sZa2lLDGg/OnlYmtLn2uLz.MawXJxcaBUCDFRFTZpe', 'eblagh@live.ca', '(905) 773-2323', '12977 Yonge Street', 'Richmond Hill', 'L4E 3G9', 'AB', 'CA', NULL, 'customer', 1, NULL, NULL, NULL, NULL, 1, 10, NULL, 'Madani Ontario Ltd', 113, NULL, '2023-06-03 16:29:10', '2023-06-03 16:29:35'),
(266, 'MUNIR', '', 'Madina Fine Foods', '$2y$10$L/crOEoUS3dUuPbDAscPYO1GhgHH5B5xQrokJtX.TaXa8NXaRx6qy', NULL, '(416) 615-0416', '128 Sunrise Avenue', 'North York', 'M4A 1B3', 'ON', 'CA', NULL, 'customer', 1, NULL, NULL, NULL, 0, 1, 10, NULL, 'Madina Fine Foods', 113, NULL, '2023-06-03 16:33:59', '2023-06-03 16:33:59'),
(267, 'Bilal', '', 'Madina Foods', '$2y$10$Ko/ZObsB4zYOnVfSPhFma.cZvalzjAD5.fvboq03MvUAoJBjtZDNm', NULL, '(416) 321-3222', '700 Progress Avenue, Unit 9', 'Scarborough', 'M1H 2Z7', 'ON', 'CA', NULL, 'customer', 1, NULL, NULL, NULL, 0, 1, 10, NULL, 'Madina Foods', 113, NULL, '2023-06-03 16:36:30', '2023-06-03 16:36:30'),
(268, 'N/A', '', 'Major Meat Ltd.', '$2y$10$TuUtC0PhpBVbxYIHmK4yD.zdU2F0bInhkWIZI.J3xHqi6Gd2ipYqS', NULL, '(905) 799-2400', '2744 Slough Street', 'Missisauga', 'L4T 1G3', 'ON', 'CA', NULL, 'customer', 1, NULL, NULL, NULL, 0, 1, 10, NULL, 'Major Meat Ltd.', 113, NULL, '2023-06-03 16:40:21', '2023-06-03 16:40:21'),
(269, 'N/A', '', 'Marche', '$2y$10$8Rr5M3vWCqu.yW7A9bykYe42SFC8OXz0vMh8nk13OHJv3PVxfHvhe', NULL, '(647) 350-6999', '181 Bay St., Unit 107S Delivery Address: 11 Cardico Drive', 'Toronto', 'M5J 2T3', 'ON', 'CA', NULL, 'customer', 1, NULL, NULL, NULL, 0, 1, 10, NULL, 'Marche', 113, NULL, '2023-06-03 16:44:17', '2023-06-03 16:44:17'),
(270, 'Marche', '', 'Marche Hilda', '$2y$10$DU.AK0xexLKiNER1H8Puce7duKyomB1vYbRErMJgnMw0bYznel5Oy', NULL, '(514) 803-5907', '150A Herwood Vaudeuil Dorion', 'Montreal', 'J7V1Y2', 'QU', 'CA', NULL, 'customer', 1, NULL, NULL, NULL, 0, 1, 10, NULL, 'Marche Hilda', 113, NULL, '2023-06-03 16:52:58', '2023-06-03 16:52:58'),
(271, 'Marhaba', '', 'Marhaba', '$2y$10$PtcV/XmuKuOCVrTNu4KisO6zqKEAGYS/BSu.Swe9s0U9EobaXTfre', 'marhaba.wahed@gmail.com', '(416) 755-2933', '3018 Danforth Ave', 'East York', 'M4C 1M7', 'ON', 'CA', NULL, 'customer', 1, NULL, NULL, NULL, 0, 1, 10, NULL, 'Marhaba Supermarket', 113, NULL, '2023-06-03 16:56:49', '2023-06-03 16:56:49'),
(272, 'Mazaya', '', 'Mazaya', '$2y$10$lnDnlv69xDfBERGq1DXpzOz.mVy5s/mL61xxkQXuN670cbg9KBX5K', NULL, '(905) 232-0119', '5130 Dixie Rd', '5130 Dixie Rd', 'L4W 0C2', 'ON', 'CA', NULL, 'customer', 1, NULL, NULL, NULL, NULL, 1, 10, NULL, 'Mazaya', 113, NULL, '2023-06-03 17:06:13', '2023-06-03 17:06:38'),
(273, 'N/A', '', 'Mediterranean & Persian Kabab', '$2y$10$NEmsdOv6JCFiIabxWu7Dde5Fkp81GEPUp7Fe1joy29Xoo0YFDdnfC', 'ahmad_iverson@hotmail.com', '(905) 773-3700', '141 King Road, Unit 3', 'Richmond Hill', 'L4E 3L7', 'ON', 'CA', NULL, 'customer', 1, NULL, NULL, NULL, 0, 1, 10, NULL, 'Mediterranean & Persian Kabab ', 113, NULL, '2023-06-03 17:13:33', '2023-06-03 17:13:33'),
(274, 'N/A', '', 'MK Meats', '$2y$10$Mc7AHLg7OZmFTUerwU8Zx.slto2qO5O2983Y5KF.u9/OtFu5HsIl2', 'rabeenakhan@hotmail.com', '(416) 740-3915', '2391 Finch Ave. W', 'Toronto', 'M9M 2W8', 'ON', 'CA', NULL, 'customer', 1, NULL, NULL, NULL, 0, 1, 3, NULL, 'M. K. Meats & West Indian Groc', 113, NULL, '2023-06-03 17:23:43', '2023-06-03 17:23:43'),
(275, 'N/A', '', 'Modern Indian Cuisine', '$2y$10$41SgP62aUD43knghsgFOx.3loI65QKvaxAEA8TxHDv.J8xPbQhQjK', 'sammymultani28@gmail.com', '(647) 866-0002', '4355 King St E,', 'Kitchener', 'N2P 2E9', 'ON', 'CA', NULL, 'customer', 1, NULL, NULL, NULL, 0, 1, 10, NULL, 'Modern Indian Cuisine', 113, NULL, '2023-06-03 17:25:57', '2023-06-03 17:25:57'),
(276, 'N/A', '', 'Moods Eatery and Cafe', '$2y$10$rejppcrluKJbnHN7ydv7xuCWX68Fv4exOxbnTSZfM6fvdtVKVBMkm', NULL, '(437) 992-4545', '372 Iroquois Shore Road', 'Oakville', 'L6H 1M4', 'ON', 'CA', NULL, 'customer', 1, NULL, NULL, NULL, 0, 1, 10, NULL, 'Ahmed', 113, NULL, '2023-06-03 18:08:50', '2023-06-03 18:08:50'),
(277, 'N/A', '', 'Mosaic African Foods', '$2y$10$M7wx3ktBRKh1CDRBSf3yj.XSCIq/NKZrkCUE8wUVspdgp0aOP7azu', NULL, '(416) 744-1078', '54 Eddystone Ave,', 'Toronto', 'M3N 1H4', 'ON', 'CA', NULL, 'customer', 1, NULL, NULL, NULL, 0, 1, 10, NULL, 'Mosaic Wholesalers and Filad E', 113, NULL, '2023-06-03 18:11:08', '2023-06-03 18:11:08'),
(278, 'Mrs', 'D', 'Mrs D Jerk Roti and Pastry', '$2y$10$F6dyeCnXbmHvYyg4XP411OVktm/PKBH0KrYEf3kOZIONuOEtFFOdi', NULL, '(519) 942-4926', '633247 Highway 10 #2,', 'Orangeville', 'L9W 2Z1', 'ON', 'CA', NULL, 'customer', 1, NULL, NULL, NULL, 0, 1, 10, NULL, 'Mrs D', 113, NULL, '2023-06-03 18:13:52', '2023-06-03 18:13:52'),
(279, 'N/A', '', 'Mustafa Turkish Pizza', '$2y$10$nHaaRYZaxioH/P8Ucq72n.W54YJfez1yvDbI3wl2C2RbZzCOtjqjm', NULL, '(416) 631-0300', '866 Wilson Ave', 'North York', 'M3K 1E6', 'ON', 'CA', NULL, 'customer', 1, NULL, NULL, NULL, 0, 1, 10, NULL, 'Mustafa Turkish Pizza', 113, NULL, '2023-06-03 18:18:36', '2023-06-03 18:18:36'),
(280, 'Nader', '', 'Nader Halal Meat', '$2y$10$zPFYNsMNfJ1.VajeSfnsFe1DurlcjtM6Nl2zAS4rFNwnNTC2Dk84y', NULL, '(905) 949-6895', '48 Dundas St W', 'Mississauga', 'L5B 1H3', 'ON', 'CA', NULL, 'customer', 1, NULL, NULL, NULL, 0, 1, 10, NULL, 'Nader Halal Meat', 113, NULL, '2023-06-03 18:22:09', '2023-06-03 18:22:09'),
(281, 'Nahla\'s', '', 'Nahla\'s Cuisine', '$2y$10$fHvPQ3YwY8ae02xCb6WPeeNj.GOhqeygP3.jcpDuUz8dhr7F77drW', NULL, '(905) 799-8882', '20 Dewside Dr. Unit 8', 'Brampton', 'L6R 3C2', 'ON', 'CA', NULL, 'customer', 1, NULL, NULL, NULL, 0, 1, 10, NULL, 'Nahla\'s Cuisine', 113, NULL, '2023-06-03 18:25:34', '2023-06-03 18:25:34'),
(282, 'N/A', '', 'Naomi African', '$2y$10$HxYtclo0FDIezyXxn7rVo.MyHJz2FXlckBUeo3ediVZe3iIL2bL12', 'naomifoodmarket@gmail.com', '(647) 694-1404', '3226 Weston Rd', 'Toronto', 'M9M 2T7', 'ON', 'CA', NULL, 'customer', 1, NULL, NULL, NULL, 0, 1, 10, NULL, 'Naomi African', 113, NULL, '2023-06-03 18:29:04', '2023-06-03 18:29:04'),
(283, 'N/A', '', 'National Meat Trading', '$2y$10$iC6lEsxwFVm/zZhUeerQMedLPhE17KmuVD1nhlETpaLv4MJOlrwPm', 'sri@oceanstarltd.com', '(416) 299-3200', '2691 Markam Rd. Unit 10', 'Toronto', 'M1X 1L4', 'ON', 'CA', NULL, 'customer', 1, NULL, NULL, NULL, 0, 1, 10, NULL, 'National Meat Trading', 113, NULL, '2023-06-03 18:32:32', '2023-06-03 18:32:32'),
(284, 'N/A', '', 'Nature Game Birds Inc.', '$2y$10$nFP9n6upg3mKeAqzyRXroeTvetJ.CGzSlG3DA00v3ONYqu1/H2I8i', 'naturegame@execulink.com', '(519) 536-6083', '184914 Cornell Road', 'Tillsonburg', 'N4G 4G8', 'ON', 'CA', NULL, 'customer', 1, NULL, NULL, NULL, 0, 1, 10, NULL, 'Nature Game Birds Inc.', 113, NULL, '2023-06-03 18:34:18', '2023-06-03 18:34:18'),
(285, 'N/A', '', 'New Kabul', '$2y$10$7d2Yxma1HMsVN8I5DP2Ax.wgYOu5dAtQ3FK0Ogo/SOpZNbgfdHxkm', NULL, '(416) 740-4655', '5010 Steeles Ave West', 'Etobicoke', 'M9V 5C5', 'ON', 'CA', NULL, 'customer', 1, NULL, NULL, NULL, 0, 1, 10, NULL, 'New Kabul', 113, NULL, '2023-06-03 18:36:39', '2023-06-03 18:36:39'),
(286, 'N/A', '', 'New Makkah', '$2y$10$5789OW8NShdIfU9HaIco1.HnHwa5a/0f4rPEug2KTa8U/7..znkR2', 'manager@newmakkahhalal.ca', '(905) 458-7610', '8550 Torbram Rd', 'Brampton', 'L6T 5C8', 'ON', 'CA', NULL, 'customer', 1, NULL, NULL, NULL, 0, 1, 10, NULL, 'New Makkah', 113, NULL, '2023-06-03 18:39:11', '2023-06-03 18:39:11'),
(287, 'N/A', '', 'New Milton Halal', '$2y$10$LvhPbDzGe8Nz86u9/mHmHu8Jb8QQ4jzrgNrf4.yAehr4i9L/wJ0wO', 'miltonhalalmeat@gmail.com', '(647) 505-3297', '106-, 810 Nipissing Rd', 'Milton', 'L9T 4Z5', 'ON', 'CA', NULL, 'customer', 1, NULL, NULL, NULL, 0, 1, 10, NULL, 'New Milton Halal', 113, NULL, '2023-06-03 18:41:26', '2023-06-03 18:41:26'),
(288, 'N/A', '', 'New Shawn Food Mart', '$2y$10$k9XtrR9Pl0f8Op2cQjBHRuO8B7Kfd81Dm1EzGjzple/V/hZJXLzwW', NULL, '(647) 302-9795', '90 Melford Dr', 'Toronto', 'M1B 2A1', 'ON', 'CA', NULL, 'customer', 1, NULL, NULL, NULL, 0, 1, 10, NULL, 'New Shawn Food Mart', 113, NULL, '2023-06-03 18:47:35', '2023-06-03 18:47:35'),
(289, 'Nikko', 'Foods', 'Nikko Foods', '$2y$10$9JRRUCa572VePqn3USDRk.dyOq2EMmc.n2ch8oShWimxQIvzdJ4D6', NULL, '(416) 321-8140', '83 Dynamic Dr,', 'Toronto', 'M1V 4C8', 'ON', 'CA', NULL, 'customer', 1, NULL, NULL, NULL, 0, 1, 10, NULL, 'Nikko Foods', 113, NULL, '2023-06-08 19:01:03', '2023-06-08 19:01:03'),
(290, 'N/A', '', 'Noor Halal Meat Wholesale &Ret', '$2y$10$e1OUB5gX0zDjtrbVZmnqAOV5eHeYzce3i3cXQjgNUJNCLjLydMju6', 'noorhalalmeatandgrocery@gmail.com', '(905) 670-2111', '735 Twain Ave.', 'Mississauga', 'L5W 1X1', 'ON', 'CA', NULL, 'customer', 1, NULL, NULL, NULL, 0, 1, 10, NULL, 'Noor Halal Meat Wholesale &Ret', 113, NULL, '2023-06-08 19:03:16', '2023-06-08 19:03:16'),
(291, 'N/A', '', 'O.T.T. Meat Trading Company', '$2y$10$5E2YIK0p01RgETOk/UwDCOczsyjtayis0c/2f1vzSFjL5ExVJuiK.', NULL, '(416) 569-2208', '2691 Markham Rd Unit 29', 'Scarborough', 'M1X 1L4', 'ON', 'CA', NULL, 'customer', 1, NULL, NULL, NULL, 0, 1, 10, NULL, 'O.T.T. Meat Trading Company', 113, NULL, '2023-06-08 19:09:11', '2023-06-08 19:09:11'),
(292, 'Ocean', 'Farm', 'Ocean Farm', '$2y$10$X9vIGJ7yXmQg6kaUHyrCaOr1dtIpE2Vu7xk2sgN9Y7ff0Csoqhe6G', NULL, '(647) 321-3363', '131 Finchdene Sq Unit 9', 'Toronto', 'M1X 1A6', 'ON', 'CA', NULL, 'customer', 1, NULL, NULL, NULL, 0, 1, 10, NULL, 'Ocean Farm', 113, NULL, '2023-06-08 19:14:35', '2023-06-08 19:14:35'),
(293, 'Osman', 'Khan', 'OK\'S Tropical Supermarket', '$2y$10$F1YxKW5t.na6j.9/NZ2xXe4PupyGUduob0uNa8jWPO6pwX/9JV/Zy', 'oktropical@rogers.com', '(519) 896-0679', '2399 Kingsway Drive', 'Kitchener', 'N2C 1A5', 'ON', 'CA', NULL, 'customer', 1, NULL, NULL, NULL, 0, 1, 10, NULL, 'OK\'S Tropical Supermarket', 113, NULL, '2023-06-08 19:17:26', '2023-06-08 19:17:26'),
(294, 'Ferhad', '', 'One Love', '$2y$10$mmpYWkBnepfMUrFo.UlHSO.eWk0G1k5p8dspDSEQJayuJTUqqEh9K', 'ferhad__m@hotmail.com', '(416) 910-8552', '1940 Clements Rd', 'Pickering', 'L1W 4A1', 'ON', 'CA', NULL, 'customer', 1, NULL, NULL, NULL, 0, 1, 10, NULL, 'One Love', 113, NULL, '2023-06-10 16:36:15', '2023-06-10 16:36:15'),
(295, 'N/A', '', 'Pearl Trading Company', '$2y$10$kxKjhU60l3jnV9OeUKd0OO8M8wVLVTqy01Zg.gIu3aUeE5GzjS1aW', 'pearltrading1@gmail.com', '(416) 640-1234', '30 Titan Road', 'Etobicoke', 'M8Z 5Y2', 'ON', 'CA', NULL, 'customer', 1, NULL, NULL, NULL, 0, 1, 10, NULL, 'Pearl Trading Company', 113, NULL, '2023-06-10 16:40:13', '2023-06-10 16:40:13'),
(296, 'N/A', '', 'Persopolis Fine Food', '$2y$10$y3SQLovyBcHPbv3qy7dG3.TPJP0SBnMgnbA1/1Kz1IrbV.IlGSy/q', 'farideh.ahmadizadeh@yahoo.ca', '(416) 839-6267', '6050 Yonge St', 'North York', 'M2M 3W5', 'ON', 'CA', NULL, 'customer', 1, NULL, NULL, NULL, 0, 1, 10, NULL, 'Persopolis Fine Foods', 113, NULL, '2023-06-10 16:46:06', '2023-06-10 16:46:06'),
(297, 'N/A', '', 'PIZZA PRO', '$2y$10$kxrdpPrN819ZK5dUB6R5kO7CdW9omFoMXeN/2NpEO6fZMSW2o/72S', 'irfan@pizzapros.ca', '(289) 949-2595', '145 Clarence St', 'Brampton', 'L6W 1T2', 'ON', 'CA', NULL, 'customer', 1, NULL, NULL, NULL, 0, 1, 10, NULL, 'PIZZA PRO', 113, NULL, '2023-06-10 16:51:22', '2023-06-10 16:51:22'),
(298, 'N/A', '', 'Planet Afro-Caribbean Market', '$2y$10$3rBRKffUEXvfaod5DiciM.q1IN.IFd.kjJDhwtUSnX0zeWPCDCI5K', 'saidi_salami@yahoo.com', '(647) 913-0859', '6210 Finch Avenue West Unit B108', 'Toronto', 'M9V 0A1', 'ON', 'CA', NULL, 'customer', 1, NULL, NULL, NULL, 0, 1, 10, NULL, 'Planet Afro-Caribbean Market', 113, NULL, '2023-06-10 16:54:46', '2023-06-10 16:54:46'),
(299, 'N/A', '', 'Poppa G\'s Wings', '$2y$10$zJa17jLOh/KgDU3ynf70EeHBIbkXOg32s9KFaWJBMGYJo8EGK1IK2', 'ap@poppagswings.ca', '(289) 597-9464', '75 West Beaver Creek', 'Richmond', 'L4B 1K4', 'ON', 'CA', NULL, 'customer', 1, NULL, NULL, NULL, 0, 1, 10, NULL, 'Poppa G\'s Wings', 113, NULL, '2023-06-10 17:14:01', '2023-06-10 17:14:01'),
(300, 'N/A', '', 'Prime Afghan Kabab', '$2y$10$xuRaV8IO7MfBpJ3DOi5zCe2REf3bBUQzV0oNykOOfIbn1Bubfhr/m', 'primeafghankebob@gmail.com', '(416) 456-1558', '50 Maritime Ontario Blvd Unit# 34', 'Brampton', 'L6S 0E7', 'ON', 'CA', NULL, 'customer', 1, NULL, NULL, NULL, 0, 1, 10, NULL, 'Prime Afghan Kabab', 113, NULL, '2023-06-10 17:16:39', '2023-06-10 17:16:39'),
(301, 'N/A', '', 'Prime Coffee House', '$2y$10$/jIpVVegaVBg5LrKT859oeSk4MqUvWeI6NeifJgJnnNMlMH1FOp6a', NULL, '(416) 240-0200', '124 Belfield Rd Unit 1', 'Etobicoke', 'M9W 1G1', 'ON', 'CA', NULL, 'customer', 1, NULL, NULL, NULL, 0, 1, 10, NULL, 'Prime Coffee House', 113, NULL, '2023-06-10 17:19:24', '2023-06-10 17:19:24'),
(302, 'FAKHRAR', 'ABASI', 'Qorma', '$2y$10$QEXfmE7RGKWtquZkK66VWeAZfsLPmt7/RMhdlTmFqi.n2aG6st9ue', 'qorma18@gmail.com', '(519) 954-0500', '258 King St N', 'Waterloo', 'N2J 2Y9', 'ON', 'CA', NULL, 'customer', 1, NULL, NULL, NULL, 0, 1, 10, NULL, 'Qorma', 113, NULL, '2023-06-10 17:23:35', '2023-06-10 17:23:35'),
(303, 'N/A', '', 'QualiFoods Inc', '$2y$10$UJBX2LO0kUSHBo39avQ5U.v.KNYL.TK55lF/ft3U0UMIxkC/neLEW', 'admin@qualifoods.ca', '(905) 712-3838', '115 Matheson Blvd. W., Suite 207', 'Mississauga', 'L5R 3L1', 'ON', 'CA', NULL, 'customer', 1, NULL, NULL, NULL, 0, 1, 10, NULL, 'QualiFoods Inc', 113, NULL, '2023-06-10 17:26:03', '2023-06-10 17:26:03'),
(304, 'Ajaz', '', 'Quality Dixie Grocers Inc.', '$2y$10$5LvhB43d11ypZzP8YVCviepaXXqshWnIp8xtsKoLQpcQ33U9HUeSe', 'dixie4120@gmail.com', '(905) 629-9527', '4120 Dixie Rd', 'Mississauga', 'L4W 4V8', 'ON', 'CA', NULL, 'customer', 1, NULL, NULL, NULL, 0, 1, 10, NULL, 'Quality Dixie Grocers Inc.', 113, NULL, '2023-06-10 17:27:16', '2023-06-10 17:27:16'),
(306, 'N/A', '', 'Quality Supermarket', '$2y$10$t/3bz3C7wHJHIy8J7LibsuxHXQR.p6IY4WU1j2v5JWZizjzGCVuoO', 'qualitysupermarket@hotmail.com', '(905) 636-7166', '18 Thompson Rd N #7&8', 'Milton', 'L9T 9H1', 'ON', 'CA', NULL, 'customer', 1, NULL, NULL, NULL, 0, 1, 10, NULL, 'Quality Supermarket', 113, NULL, '2023-06-10 17:30:32', '2023-06-10 17:30:32'),
(307, 'Rama', '', 'Rama Ontario Inc.', '$2y$10$/qBqAaCr9A/seXjYtgzLkOkbexRJznw1TQ66rSNU3I31YXo4aSwHG', 'rama64@outlook.com', '(416) 826-1692', '346 James Street North', 'Hamilton', 'L8L 1H2', 'ON', 'CA', NULL, 'customer', 1, NULL, NULL, NULL, 0, 1, 10, NULL, 'Rama Ontario Inc.', 113, NULL, '2023-06-10 17:42:27', '2023-06-10 17:42:27'),
(308, 'Ramsid', '', 'Ramsid', '$2y$10$Eh.ego1KHWp3vOPnsQTZlOTPj6vd5xO6InyzwSGLqzHkpwU9IfyIq', 'wallyakinola@yahoo.ca', '(905) 970-8999', '205 Vankirk Drive', 'Brampton', 'L7A 3V4', 'ON', 'CA', NULL, 'customer', 1, NULL, NULL, NULL, 0, 1, 10, NULL, 'Ramsid', 113, NULL, '2023-06-10 17:48:01', '2023-06-10 17:48:01'),
(309, 'Rasm', '', 'Rasmi Falafel', '$2y$10$qrOxQW6LlxGwXlL5YgXSx.JxV8xguWcCCeLc8D/zGZ4TJZG/ardNi', NULL, '(519) 806-8607', '10 First Street', 'Orangeville', 'L9W 2C4', 'ON', 'CA', NULL, 'customer', 1, NULL, NULL, NULL, 0, 1, 10, NULL, 'Rasmi Falafel', 113, NULL, '2023-06-13 20:03:42', '2023-06-13 20:03:42'),
(310, 'N/A', '', 'Ravi\'s West Indian Grocery', '$2y$10$f08gP.zyCmlDkieRxrdkG.gThZ/g76gB0M1ygZ8GMRreC3VfzdTbG', 'devika329@hotmail.com', '(905) 796-6446', '791 Bovaird Drive West', 'Brampton', 'L6X 0G3', 'ON', 'CA', NULL, 'customer', 1, NULL, NULL, NULL, 0, 1, 10, NULL, 'Ravi\'s West Indian Grocery Inc', 113, NULL, '2023-06-13 20:05:51', '2023-06-13 20:05:51'),
(311, 'Qusar', '', 'Red Rose Halal Meat Corp', '$2y$10$8rFu8IAnen5LdrEKWFgPUu50jYZYudkTpMAK7aJCzYD.OihY5R6ZG', 'marhabha.wahed@gmail.com', '(416) 457-7278', '462 Birchmount Rd', 'Scarborough', 'M1K 1N8', 'ON', 'CA', NULL, 'customer', 1, NULL, NULL, NULL, 0, 1, 10, NULL, 'Red Rose Halal Meat Corp', 113, NULL, '2023-06-13 20:07:59', '2023-06-13 20:07:59'),
(312, 'N/A', '', 'RICKY & TRISHA ROTI & DOUBLE', '$2y$10$QbrY6LFccFbI04qGG2UxO.3AHCerBU4expLKSiR9MPVsNTm16Xrkm', NULL, '(905) 497-4800', '2565 Steeles Ave E', 'BRAMPTON', 'L6T 4L6', 'ON', 'CA', NULL, 'customer', 1, NULL, NULL, NULL, 0, 1, 10, NULL, 'RICKY & TRISHA ROTI & DOUBLE', 113, NULL, '2023-06-13 20:09:52', '2023-06-13 20:09:52'),
(313, 'RJ', '', 'RJ Trading Inc.', '$2y$10$QdDRYeQYNIqy51x/nGz.Pegv6m0LxMkMquuHcwcT.sjXGsQjfLdsC', 'northkeetrading@yahoo.ca', '(416) 705-8295', '135 Select Ave. Unit 3', 'Scarborough', 'M1V 4A5', 'ON', 'CA', NULL, 'customer', 1, NULL, NULL, NULL, 0, 1, 10, NULL, 'RJ Trading Inc.', 113, NULL, '2023-06-13 20:11:17', '2023-06-13 20:11:17'),
(314, 'N/A', '', 'Rowe Beef Co.', '$2y$10$huz5Xe9QJU4Vu9SW8X1gueA/5z/Xv9NSKT430fsF0NH334ZuLOZ2W', NULL, '(416) 895-2121', '3066 Jarrow Ave', 'Mississauga', 'L4X2C7L', 'ON', 'CA', NULL, 'customer', 1, NULL, NULL, NULL, 0, 1, 10, NULL, 'Rowe Beef Co.', 113, NULL, '2023-06-13 20:22:57', '2023-06-13 20:22:57'),
(315, 'Sadroo', '', 'Sadroo\'s Grocery Supplies', '$2y$10$NWqZ/wxtn63y0OEStvyIJOYk1ZKhFAjSSXhUfj/vfS/pRTPlp0WN2', NULL, '(416) 494-4849', '487 McNicoll Ave', 'North York', 'M2H 2C9', 'ON', 'CA', NULL, 'customer', 1, NULL, NULL, NULL, 0, 1, 3, NULL, 'Sadroo\'s Grocery Supplies', 113, NULL, '2023-06-13 20:26:44', '2023-06-13 20:26:44'),
(316, 'N/A', '', 'Safa Middle Eastern', '$2y$10$S1fdd7js8/PlpN7CZ/GqUeoqQRjZe.nUG6Ksx6FJI0yFBsJjEQ4sK', NULL, '(519) 710-1888', '16 Essex St', 'Guelph', 'N1H 3K8', 'ON', 'CA', NULL, 'customer', 1, NULL, NULL, NULL, 0, 1, 10, NULL, 'Safa Middle Eastern', 113, NULL, '2023-06-13 20:28:38', '2023-06-13 20:28:38'),
(317, 'Shabina', '', 'Safari Grill', '$2y$10$qgW1I3FjerKAiAIWzqFd8OmvgQjtspdUfsMkKWxZRfM3hzq/8.Ruq', 'shabinabuchh@hotmail.com', '(289) 981-7992', '723 Central Pkwy W Unit #3', 'Mississauga', 'L5B 4L1', 'ON', 'CA', NULL, 'customer', 1, NULL, NULL, NULL, 0, 1, 10, NULL, 'Safari Grill', 113, NULL, '2023-06-13 20:30:15', '2023-06-13 20:30:15'),
(318, 'N/A', '', 'Saif Halal Food Market', '$2y$10$xRlFH8hTa06.CmLfTwGNKu8bnJi9Za75sKKttaD6cVfNRscZ8dxPG', 'saifali@hotmail.com', '(647) 722-0566', '2371 Weston Rd', 'York', 'M9N 1Z8', 'ON', 'CA', NULL, 'customer', 1, NULL, NULL, NULL, 0, 1, 10, NULL, 'Saif Halal Food Market', 113, NULL, '2023-06-13 20:33:05', '2023-06-13 20:33:05'),
(319, 'N/A', '', 'Salaama Hut - Hamdi Restaurant', '$2y$10$OOY4SNVBfbFAMLCgB8N.MeXRqZB5m98Ss2wl4HfjD9z45jmtleJH.', NULL, '(416) 744-7413', '1987 Kipling Avenue', 'Etobicoke', 'M9W 4J4', 'ON', 'CA', NULL, 'customer', 1, NULL, NULL, NULL, 0, 1, 10, NULL, 'Hamdi Restaurant Inc.', 113, NULL, '2023-06-13 20:35:50', '2023-06-13 20:35:50'),
(320, 'Samir', '', 'Samir', '$2y$10$e4x6PyXv1KwdVraiK0pnkOlv.OUM2Jge0IGLtYEZ.4/dklTdgCrbe', NULL, '(289) 674-0401', '750 Upper St.', 'Hamilton', 'L9C 3A2', 'ON', 'CA', NULL, 'customer', 1, NULL, NULL, NULL, 0, 1, 1, NULL, 'Samir Super Market', 113, NULL, '2023-06-13 20:40:22', '2023-06-13 20:40:22'),
(321, 'N/A', '', 'Sarker Foods', '$2y$10$w6e1EBe0dQdn35ix2ZoCH.WkpHwe85rbyq1N05slPie.PylPSOEo.', 'sarkar_foods_inc@hotmail.com', '(416) 691-4815', '2996 Danforth Av', 'East York', 'M4C 1M7', 'ON', 'CA', NULL, 'customer', 1, NULL, NULL, NULL, 0, 1, 10, NULL, 'Sarker Foods', 113, NULL, '2023-06-13 20:48:30', '2023-06-13 20:48:30'),
(322, 'N/A', '', 'Savvy Butcher', '$2y$10$so.o67IkTfLdetrOjZfjYe29jIVvCMEl/QSuUqUlXVsVr2c0I6.dW', 'thesavvybutcher@gmail.com', '(647) 977-2855', '7, 15 Ashby Field Rd', 'Brampton', 'L6X 0R3', 'ON', 'CA', NULL, 'customer', 1, NULL, NULL, NULL, 0, 1, 10, NULL, 'The Savvy Butcher', 113, NULL, '2023-06-13 20:50:00', '2023-06-13 20:50:00'),
(323, 'Haroon', '', 'Scarborough Halal', '$2y$10$1zX79pfboqL07hYZVSakGewtYKi/5mhbyxmigSOs2Lyw3tzRfHJR6', 'scarboroughhalal@gmail.com', '(416) 565-9259', '621 McCowan Rd.', 'Toronto', 'M1J 1K2', 'ON', 'CA', NULL, 'customer', 1, NULL, NULL, NULL, 0, 1, 10, NULL, 'Scarborough Halal', 113, NULL, '2023-06-13 20:52:38', '2023-06-13 20:52:38'),
(324, 'N/A', '', 'Scotchiees\'s', '$2y$10$SFJsFoqOtR5FSNVHW6pleu8R2XdHb.rymuorgOCIStTalpSnK8NH6', '31rubini@gmail.com', '(416) 565-3000', '31 Tapscott Road', 'Toronto', 'M1B 4Y7', 'ON', 'CA', NULL, 'customer', 1, NULL, NULL, NULL, 0, 1, 10, NULL, 'Scotchiees\'s', 113, NULL, '2023-06-13 20:54:08', '2023-06-13 20:54:08'),
(325, 'Shaheen', '', 'Shaheen Food Centre', '$2y$10$LF1.igL/ncx3TwBBkqsUreoHZCS.I0eueguQKanclLRv8LMFUPpRu', 'tahir3301@hotmail.com', '(905) 277-4111', '3570 Wolfedale Rd', 'Mississauga', 'L5C 2V6', 'ON', 'CA', NULL, 'customer', 1, NULL, NULL, NULL, 0, 1, 10, NULL, 'Shaheen Food Centre', 113, NULL, '2023-06-13 21:03:13', '2023-06-13 21:03:13'),
(326, 'sooryana', '', 'Shawarma G', '$2y$10$rj0IUQqGzgukN9XO8rKq/eVNTw0eSQxi2J1/X1jy.fQbMqqJA7WzC', 'sooryanafoodinc@gmail.com', '(519) 760-5525', '31A- 328 Speedvale Avenue East, Guelph, ON N1E1N5', 'Guelph', 'N1E1N5', 'ON', 'CA', NULL, 'customer', 1, NULL, NULL, NULL, 0, 1, 10, NULL, 'Shawarma G', 113, 114, '2023-06-15 18:22:25', '2023-06-15 18:22:25'),
(327, 'Mohammad', '', 'Shawarma Royale', '$2y$10$qdnIpz93Kwx2WvEIO95gkeSJ0EX9llI5o5vdq7r3qbQ9t0dQmnWjm', 'shawarmaroyale@hotmail.com', '(519) 404-1910', '258 King St N #1,', 'Waterloo', 'N2J 2Y9', 'ON', 'CA', NULL, 'customer', 1, NULL, NULL, NULL, 0, 1, 3, NULL, 'Shawarma Royale', 113, 114, '2023-06-15 18:37:24', '2023-06-15 18:37:24'),
(328, 'Mohammad', 'Royale', 'Shawarma Royale Kitchener', '$2y$10$q3kVPFJiqFNIDWFTNiJ5auX4dY8tnYk4R.NwefJKx1SOCJSvfNige', 'mohammed_roumia@hotmail.com', '(519) 589-2878', '91 Queen St S Unit 3/4/5/', 'Kitchener', 'N2G 1V9', 'ON', 'CA', NULL, 'customer', 1, NULL, NULL, NULL, 0, 1, 3, NULL, 'Shawarma Royale Kitchener', 113, NULL, '2023-06-15 18:40:25', '2023-06-15 18:40:25'),
(329, 'N/A', '', 'Shawarma Royale Mississauga', '$2y$10$461pQyG4GozxeTOeWe8NY.kkR3XtU1k6eLwGERollUZaCuKd3J3zy', NULL, '(905) 826-4949', '6039 Erin mills Parkway, Unit 7', 'Mississauga', 'L5N 0G5', 'ON', 'CA', NULL, 'customer', 1, NULL, NULL, NULL, 0, 1, 10, NULL, 'Shawarma Royale Mississauga', 113, NULL, '2023-06-15 18:57:39', '2023-06-15 18:57:39'),
(330, 'N/A', '', 'Shawerma Plus Inc', '$2y$10$EINuqTfYY9xGHQndYD1K4u1GMJQNTdJ8Rdz21k4.jGzsd5zgDIKni', 'asim_ghabra@hotmail.com', '(226) 929-0158', '160 University Avenue West', 'Waterloo', 'N2J 2Y7', 'ON', 'CA', NULL, 'customer', 1, NULL, NULL, NULL, 0, 1, 10, NULL, 'Shawerma Plus Inc', 113, NULL, '2023-06-15 18:59:48', '2023-06-15 18:59:48'),
(331, 'N/A', '', 'Simi African Food', '$2y$10$Rn3rvLXDhV3IdsNonB7rmeTXHBqdOxv.8SeRr9YD3ynTJQO6UVSYy', NULL, '(647) 717-6042', '50 Eddystone', 'North York', 'M3N 1H4', 'ON', 'CA', NULL, 'customer', 1, NULL, NULL, NULL, 0, 1, 10, NULL, 'Simi African Food', 113, NULL, '2023-06-15 19:04:39', '2023-06-15 19:04:39'),
(332, 'N/A', '', 'Sing Hai Seafood Co. Ltd', '$2y$10$XxztDUToMGluSW8b9g2ag.d4oIvwjFqiFoo61ullrf2RZN5Uh1BkO', NULL, '(416) 289-2889', '100 Temp Ave', 'North York', 'M2H 2N8', 'ON', 'CA', NULL, 'customer', 1, NULL, NULL, NULL, 0, 1, 10, NULL, 'Sing Hai Seafood Co. Ltd', 113, NULL, '2023-06-15 19:09:20', '2023-06-15 19:09:20'),
(333, 'Sita', '', 'Sita Fresh Market & Conveince', '$2y$10$JlWBZ6kA8uYt3bzU81rCc.aNEwUsnJGcrzNjxFgBw.CwiQWeY/6aC', NULL, '(289) 949-0492', '1376 Haist Street,Unit 3', 'Pelham', 'L0S 1E0', 'ON', 'CA', NULL, 'customer', 1, NULL, NULL, NULL, 0, 1, 10, NULL, 'Sita Fresh Market & Conveince ', 113, NULL, '2023-06-15 19:13:08', '2023-06-15 19:13:08'),
(334, 'N/A', '', 'Solmaz Foods', '$2y$10$11RCNXZF.q63ceJbXE1plu.WZ6vnhD3QnhTb003CViFx2xn7x2z0C', 'accounting@solmazfoods.ca', '(416) 252-1300', '16 Jutland Rd', 'Etobicoke', 'M8Z 2G9', 'ON', 'CA', NULL, 'customer', 1, NULL, NULL, NULL, 0, 1, 10, NULL, 'Solmaz Foods', 113, NULL, '2023-06-15 19:15:10', '2023-06-15 19:15:10'),
(335, 'N/A', '', 'Spice Right Inc.', '$2y$10$dKBSNVioGO.mzXvLBCXifeEc.zpTXAHiWHUDIottOmrpFx1fYMzr6', NULL, '(905) 956-7610', '2885 Derry Rd. East', 'Brampton', 'L4T 1A6', 'ON', 'CA', NULL, 'customer', 1, NULL, NULL, NULL, 0, 1, 10, NULL, 'Spice Right Inc.', 113, NULL, '2023-06-15 19:19:32', '2023-06-15 19:19:32'),
(336, 'N/A', '', 'St. Louis', '$2y$10$1ssaKh.WxAYcc3VQMmfkk.yrVlpz6kjj3mxw0KRuwfoY56QT8E2jK', NULL, '(416) 248-5622', '557 Dixon Rd Unit 130,', 'Toronto', 'M9W 1H7', 'ON', 'CA', NULL, 'customer', 1, NULL, NULL, NULL, 0, 1, 10, NULL, 'St. Louis', 113, NULL, '2023-06-15 19:21:19', '2023-06-15 19:21:19'),
(337, 'N/A', '', 'Subhan Foods', '$2y$10$tbts2cG1UMYRZfkF7cX1wujUg3yc41jTRZ2xO1JwDoukoYtq4kDvy', 'sohail-864@hotmail.com', '(905) 569-0000', '525 Ontario St S', 'Milton', 'L9T 2N2', 'ON', 'CA', NULL, 'customer', 1, NULL, NULL, NULL, 0, 1, 10, NULL, 'Subhan Foods', 113, NULL, '2023-06-15 19:31:40', '2023-06-15 19:31:40'),
(338, 'N/A', '', 'Sun Tahai Seafoods', '$2y$10$cMFSuZpeLnv/EGhOYwxOVOPcphXjN.IuOrf4XFQp.chyzBI5b5TRa', NULL, '(647) 887-5128', '430 Passmore Avenue', 'Scarborough', 'M1V 4B3', 'ON', 'CA', NULL, 'customer', 1, NULL, NULL, NULL, 0, 1, 10, NULL, 'Sun Tahai Seafoods', 113, NULL, '2023-06-15 19:33:31', '2023-06-15 19:33:31'),
(339, 'N/A', '', 'Super Market Al Salam', '$2y$10$3ovzdeiISCk5DZNcg8oobeDMNsKodlAiknJ6wQOloIlTYXzbJng7e', NULL, '(519) 694-0171', '395 Southdale Rd. East', 'London', 'N6E 1A2', 'ON', 'CA', NULL, 'customer', 1, NULL, NULL, NULL, 0, 1, 10, NULL, 'Super Market Al Salam', 113, NULL, '2023-06-15 19:40:20', '2023-06-15 19:40:20'),
(340, 'N/A', '', 'SUPERIOR Wholesale Meat LTD.', '$2y$10$S1HmZ9lCLgx3eac9Ppv.quzQCibQOe4GrCARnXL5q76KEabo2L6oq', NULL, '(905) 799-2400', '2561 Drew Rd.', 'Mississauga', 'L4T 1G1', 'ON', 'CA', NULL, 'customer', 1, NULL, NULL, NULL, 0, 1, 10, NULL, 'SUPERIOR Wholesale Meat LTD.', 113, NULL, '2023-06-15 19:44:34', '2023-06-15 19:44:34'),
(341, 'N/A', '', 'Supreme Poultry', '$2y$10$Rs.6LVCXfIOLBugmXbZ6JeVmDyFzZUWZCFCnXDaIjGWA0IyS1WAku', 'supremepoultryco@hotmail.com', '(905) 671-8808', '2742 Slough St', 'Mississauga', 'L4T 1G3', 'ON', 'CA', NULL, 'customer', 1, NULL, NULL, NULL, 0, 1, 10, NULL, 'Supreme Poultry', 113, NULL, '2023-06-15 19:50:12', '2023-06-15 19:50:12'),
(342, 'N/A', '', 'Taftan kabab', '$2y$10$Dn4a6dTNf.JCQ3wDHmr0CO37RjXhPchQShOyevShvS.LqwKCq/x8W', 'farzeasad@gmail.com', '(416) 569-9992', '12960 Yonge St', 'Richmond Hill', 'L4E 3K2', 'ON', 'CA', NULL, 'customer', 1, NULL, NULL, NULL, 0, 1, 10, NULL, 'Taftan Meat Production Inc.', 113, NULL, '2023-06-15 19:54:34', '2023-06-15 19:54:34'),
(343, 'N/A', '', 'Tai Wah Trade Ltd', '$2y$10$YAkpY5f9tf0yrbxQ77TYx.pcPyrmHEqKIB4wYCPmuclop38Fi.CZu', 'pivy323@gmail.com', '(416) 892-0115', '110 West Beaver Creek Rd, Unit 23', 'Richmond Hill', 'L4B 1J9', 'ON', 'CA', NULL, 'customer', 1, NULL, NULL, NULL, 0, 1, 10, NULL, 'Tai Wah Trade Ltd', 113, NULL, '2023-06-15 20:01:32', '2023-06-15 20:01:32'),
(344, 'N/A', '', 'Tailgate Tap house', '$2y$10$D.OniDFY6KMsOKd0Gw2zpOSSIQGMwc/t5HZum7AGkvBXfInuFBMvO', NULL, '(416) 797-2910', '10737 Yonge Street Unit 21', 'Richmond Hill', 'L4C 9M9', 'ON', 'CA', NULL, 'customer', 1, NULL, NULL, NULL, 0, 1, 10, NULL, 'Tailgate Tap house', 113, NULL, '2023-06-15 20:04:17', '2023-06-15 20:04:17'),
(345, 'N/A', '', 'Taj Mahal', '$2y$10$I0CWU5b3qa3UoCoFAyYCbe/M/GvC8uGt91aoMBPbvOVUavDxCIRG.', NULL, '(905) 272-2121', '1185 Dundas St E', 'Mississauga', 'L4Y 2C5', 'ON', 'CA', NULL, 'customer', 1, NULL, NULL, NULL, 0, 1, 10, NULL, 'Taj Mahal', 113, NULL, '2023-06-15 20:06:02', '2023-06-15 20:06:02'),
(346, 'N/A', '', 'Tarboosh', '$2y$10$RgYgSN1/xepSe9CK6xizD.winaNFeRN0PPqQpYzAblT6F/jtOwy/S', NULL, '(905) 949-0222', '3050 Confederation Pkwy', 'Mississauga', 'L5B 3Z6', 'ON', 'CA', NULL, 'customer', 1, NULL, NULL, NULL, 0, 1, 10, NULL, 'Tarboosh', 113, NULL, '2023-06-15 20:08:21', '2023-06-15 20:08:21'),
(347, 'Tasteco', '', 'Tasteco Super Market', '$2y$10$JzOfPqOGDLprx8L8fHE6meu9R2.B/2IxYFvFekiWZyjGJl.6vwliq', 'gandalhope@gmail.com', '(437) 224-3744', '462 Birchmount Rd #18', 'Scarborough', 'M1K 1N8', 'ON', 'CA', NULL, 'customer', 1, NULL, NULL, NULL, 0, 1, 10, NULL, 'Tasteco Super Market', 113, NULL, '2023-06-16 18:24:18', '2023-06-16 18:24:18'),
(348, 'N/A', '', 'TEAM-K9', '$2y$10$kXl76947gT4QVXnoANKRWu4AZlWCjaUdCEatzP7Q1UiJ8TLPqwHIq', NULL, '(647) 408-5835', '200 Matheson Blvd W', 'Mississauga', 'L5R 3L7', 'ON', 'CA', NULL, 'customer', 1, NULL, NULL, NULL, 0, 1, 10, NULL, 'TEAM-K9', 113, NULL, '2023-06-16 18:25:19', '2023-06-16 18:25:19'),
(349, 'N/A', '', 'The 3m\'s African Caribbean Mar', '$2y$10$L1OVL.C8dXLkIlGryXOGCu6jMsQLp6Ski99p937nFjHdB.ZptcPNG', 'the3msmarket@gmail.com', '(647) 303-2351', '5 Mcmurchy Avenue North Unit 7', 'Brampton', 'L6X 2R6', 'ON', 'CA', NULL, 'customer', 1, NULL, NULL, NULL, 0, 1, 10, NULL, 'The 3m\'s African Caribbean Mar', 113, NULL, '2023-06-16 18:26:46', '2023-06-16 18:26:46'),
(350, 'Allan', '', 'The Butcher Shoppe', '$2y$10$dSE7DC3zSeNqCe1Tvg1Mce9IzxNZAyCSsiDfIgg8/KtGYG1i5CM6.', 'joann@butchershoppe.com', '(416) 234-2290', '121 Shorncliffe Road', 'Toronto', 'M8Z 5K9', 'ON', 'CA', NULL, 'customer', 1, NULL, NULL, NULL, 0, 1, 10, NULL, 'The Butcher Shoppe', 113, NULL, '2023-06-16 18:28:16', '2023-06-16 18:28:16'),
(351, 'N/A', '', 'Top Food Supermarket ', '$2y$10$ealjS.dlXuky9sLOrAU3GuvVseBmy7ob84iTVBYU49YhUcjlQmfNi', NULL, '(416) 752-3666', '2715 Lawrence Ave E', 'Scarborough', 'M1P 2S2', 'ON', 'CA', NULL, 'customer', 1, NULL, NULL, NULL, 0, 1, 10, NULL, 'Top Food Supermarket ', 113, NULL, '2023-06-16 18:30:18', '2023-06-16 18:30:18'),
(352, 'N/A', '', 'United Star Seafoods Inc.', '$2y$10$4MzpoG2vBsOhkotqL3QY3u.KbHjs0ui5os79tF5cA5i5hzlD7WAhG', NULL, '(416) 675-1736', '12 Steinway Blvd, Unit 18', 'Etobicoke', 'M9W 6M5', 'ON', 'CA', NULL, 'customer', 1, NULL, NULL, NULL, 0, 1, 10, NULL, 'United Star Seafoods Inc.', 113, NULL, '2023-06-16 18:37:53', '2023-06-16 18:37:53'),
(353, 'N/A', '', 'Valentino Meats', '$2y$10$wmlHjL.UMlRXOt2V1JB1sOD5FQvy5WjbJwInMZoRplgwUXGF6U2iK', NULL, '(416) 298-0081', '815 Middlefield Rd.  Unit # 8', 'Toronto', 'M1V 2P9', 'ON', 'CA', NULL, 'customer', 1, NULL, NULL, NULL, 0, 1, 10, NULL, 'Valentino Meats', 113, NULL, '2023-06-16 18:39:01', '2023-06-16 18:39:01'),
(354, 'Eva', 'Maillet', 'Viandes Agro Inc.', '$2y$10$DrwwoS5jdnTNoQlLFuGyKetL1j5rmqqVbA.je6w.dBwpbTxIZWAbq', 'eva@agromeat.ca', '(514) 335-6606', '3100, Cote-Vertu, Suite 210', 'St-Laurent', 'H4R 2J8', 'QU', 'CA', NULL, 'customer', 1, NULL, NULL, NULL, 0, 1, 10, NULL, 'Viandes Agro Inc.', 113, NULL, '2023-06-16 18:42:32', '2023-06-16 18:42:32'),
(355, 'Rafiq', '', 'Wanless Supermarket', '$2y$10$eJmTgKYHHQJiOeCz/A78Qu14VxGXlpSsweJGeKVwHviUGcdZxp1.a', 'rafiq_i@hotmail.com', '(905) 497-5432', '423 Wanless Drive Unit 104', 'Brampton', 'L7A 0N9', 'ON', 'CA', NULL, 'customer', 1, NULL, NULL, NULL, 0, 1, 3, NULL, 'Wanless Supermarket', 113, NULL, '2023-06-16 18:46:09', '2023-06-16 18:46:09'),
(356, 'Rizwan', '', 'Warraich Meats', '$2y$10$zhj9BTSFSO7RJXoI/Duq8.5Ub1JRp5Ciy2IuTcDJmnurt1cFYaBa2', 'rizwan.mamdani@gmail.com', '(416) 889-5024', '3050 Argentia Road', 'Mississauga', 'L5N 8E1', 'ON', 'CA', NULL, 'customer', 1, NULL, NULL, NULL, 0, 1, 10, NULL, 'Warraich Meats', 113, NULL, '2023-06-16 18:48:49', '2023-06-16 18:48:49'),
(357, 'N/A', '', 'WATAN SUPERMARKET', '$2y$10$fENCFQx3Ki/V6B89vWaynegVfWoAbSiPqC9jmwvVF7C9/nqPFfVXa', 'watansupermarket@hotmail.com', '(289) 997-1771', '6750 Winston Churchill Blvd, Unit 4 & 5', 'Mississauga', 'L5N 4C4', 'ON', 'CA', NULL, 'customer', 1, NULL, NULL, NULL, 0, 1, 10, NULL, 'WATAN SUPERMARKET', 113, NULL, '2023-06-16 18:50:11', '2023-06-16 18:50:11'),
(358, 'N/A', '', 'Wellington Poultry', '$2y$10$ZVHIY9sj7EFNIc8xthlHdeasPl3U3FuRaE1ON9hyjF6MtkA7WV7Oa', 'wellingtonpoultry@outlook.com', '(519) 848-6800', '7514 Wellington Road 109', 'Arthur', 'N0G 1A0', 'ON', 'CA', NULL, 'customer', 1, NULL, NULL, NULL, 0, 1, 10, NULL, 'Wellington Poultry', 113, NULL, '2023-06-16 18:53:14', '2023-06-16 18:53:14'),
(359, 'Wendy', '', 'Wendy - S & D Ocean Trading Co', '$2y$10$FbkQewPeWplXBbf0xz1dYOTd/545.AbSOKky3E3qev.tvwfkY73Xi', 'sd_ocean_trading@yahoo.ca', '(416) 208-9200', '190 Silverstar Blvd.', 'Toronto', 'M1V 0E5', 'ON', 'CA', NULL, 'customer', 1, NULL, NULL, NULL, 0, 1, 10, NULL, 'S & D Ocean Trading Company Lt', 113, NULL, '2023-06-16 18:54:44', '2023-06-16 18:54:44'),
(360, 'Sase/Tria', '', 'Westwood Supermarket Ltd', '$2y$10$eA7WfZJ2RHi2ewwCPtGvveGR2HM2MtDBVvtrTWMstZ992VypvtNZC', NULL, '(416) 901-7797', '11-680 Rexdale Blvd', 'Etobicoke', 'M9W 0B5', 'ON', 'CA', NULL, 'customer', 1, NULL, NULL, NULL, 0, 1, 10, NULL, 'Westwood Supermarket Ltd', 113, NULL, '2023-06-16 18:55:56', '2023-06-16 18:55:56'),
(361, 'N/A', '', 'WillTrade Commodities Inc.', '$2y$10$bJ1mKdh.L4o.gJ/LjLUT5u61hj1jWoutKbnQLCPYnti8EqEX1go8q', NULL, '(519) 942-3523', '10 First Street', 'Orangeville', 'L9W 2C4', 'ON', 'CA', NULL, 'customer', 1, NULL, NULL, NULL, 0, 1, 10, NULL, 'WillTrade Commodities Inc.', 113, NULL, '2023-06-16 18:56:57', '2023-06-16 18:56:57'),
(362, 'N/A', '', 'Win Farm Supermarket', '$2y$10$8VGx7dGfe585.PWcr0KTBuCyLq9sjCHqwggdRekDBtrGtcKUuzRg2', NULL, '(416) 747-5900', '1925 Sheppard Ave W', 'North York', 'M3L 1Y8', 'ON', 'CA', NULL, 'customer', 1, NULL, NULL, NULL, 0, 1, 10, NULL, 'Win Farm Supermarket', 113, NULL, '2023-06-16 18:58:14', '2023-06-16 18:58:14'),
(363, 'N/A', '', 'Wings Up', '$2y$10$k4Rme.EnwuKqizh5c6QOrOBvhhaL/hbkPCA.efyuf0EnEJR2AS0s6', NULL, '(905) 336-1100', '3030 Thomas St.', 'Mississauga', 'L5M 0N6', 'ON', 'CA', NULL, 'customer', 1, NULL, NULL, NULL, 0, 1, 10, NULL, 'Wings Up', 113, NULL, '2023-06-16 19:07:38', '2023-06-16 19:07:38'),
(364, 'N/A', '', 'Woo Hing', '$2y$10$Xn.49FrJ4NZ4BDdzkyUn2eWFHGkehk4W8DzN9676REQsQ33QbE3Ma', NULL, '(416) 297-8820', '328 Passmore Unit 34, 35', 'Toronto', 'M1S 5A8', 'ON', 'CA', NULL, 'customer', 1, NULL, NULL, NULL, 0, 1, 10, NULL, 'Woo Hing', 113, NULL, '2023-06-16 19:09:38', '2023-06-16 19:09:38'),
(365, 'Yuan', 'Ming', 'Yuan Ming', '$2y$10$1K/onME5vdKQV5im2x/5J.oBBH2RiKUL1ckPAgi4mDuDICdV2jz9W', 'yuanming2416@yahoo.com', '(905) 949-1921', '1000 Burnhamthorpe Rd W,', 'Mississauga', 'L5C 2S4', 'AB', 'CA', NULL, 'customer', 1, NULL, NULL, NULL, 0, 1, 10, NULL, 'Yuan Ming', 113, NULL, '2023-06-16 19:11:18', '2023-06-16 19:11:18'),
(366, 'N/A', '', 'Zabeeha Poultry Supplies Inc.', '$2y$10$Quam86GtSRjyIbdzv64bOOx65qRiDiwMLGyXDa/kQhsW6QGFjDJLy', 'halal@zabeehapoultry.com', '(416) 293-3776', '60 Nugget Aveue', 'Scarborough', 'M1S 3A9', 'ON', 'CA', NULL, 'customer', 1, NULL, NULL, NULL, 0, 1, 10, NULL, 'Zabeeha Poultry Supplies Inc.', 113, NULL, '2023-06-16 19:14:03', '2023-06-16 19:14:03'),
(367, 'Hani', '', 'Zay-Zaman Restaurant Inc.', '$2y$10$B0dDQ1sJx5i54PF.G0rjDu0wbtJ.IiQohqfE7c8MwwjKiCx14BHKe', NULL, '(519) 729-9544', '309 Lancaster St W', 'Kitchener', 'N2H 4V4', 'ON', 'CA', NULL, 'customer', 1, NULL, NULL, NULL, 0, 1, 10, NULL, 'Zay-Zaman Restaurant Inc.', 113, NULL, '2023-06-16 19:15:19', '2023-06-16 19:15:19'),
(368, 'Larry', 'Zheng', '10533637 Canada Inc.', '$2y$10$4p2dyALB9KDZepxm4IPide5I/fk0OhNpOAzRB9B1dCsOlZcOsD/g.', 'lzheng1102@yahoo.com', '(333) 333-3333', 'N/A', NULL, NULL, 'AB', 'CA', NULL, 'customer', 1, NULL, NULL, NULL, 0, 1, 10, NULL, '10533637 Canada Inc.', 113, 114, '2023-06-16 19:22:02', '2023-06-16 19:22:02'),
(369, 'N/A', '', '1312162 ONTARIO LIMITED', '$2y$10$l/sjMYrGsC7W3sHqDAiviOvZxNPZoUmbl3F7PiJ5Rg0sy32/6rTYe', NULL, '(416) 750-0586', '210 Silver Star Blvd,', 'Toronto', 'M1V 5J9', 'ON', 'CA', NULL, 'customer', 1, NULL, NULL, NULL, NULL, 1, 10, NULL, 'Alzahraa Halal Meat Inc', 113, 114, '2023-06-16 19:26:23', '2024-09-13 11:31:20'),
(370, 'Kingsley', '', '1689595 Ontario Inc 0/a Atwima', '$2y$10$q23iGxjP81h6KfasJojJkuvLhE39TkGzCwEl6MuGf18FllaGfd5dW', 'kingsleymarfo@hotmail.com', '(416) 261-1226', '28 Nelson Street,', 'Toronto', 'M1J 2V3', 'ON', 'CA', NULL, 'customer', 1, NULL, NULL, NULL, 0, 1, 3, NULL, 'M&S Atwima', 113, NULL, '2023-06-16 19:30:19', '2023-06-16 19:30:19'),
(371, 'Annand', 'Singh', '1714184 Ontario Inc.O/A', '$2y$10$WcYsR.PyNwVK5C1osI8kRev.bsVZ.c57jqHtpzZLlyDcafQ0kU3pe', NULL, '(416) 244-4049', '1901 Forbes Street', 'Whitby', 'L1N 9A7', 'ON', 'CA', NULL, 'customer', 1, NULL, NULL, NULL, 0, 1, 10, NULL, 'Homeland', 113, 114, '2023-06-16 19:33:42', '2023-06-16 19:33:42'),
(372, 'N/A', '', '1794405 Ontario Inc.', '$2y$10$wgy5t/USSqEetrj/cWolBu0bWTBxu1MHBNohrIF9hoXk8NTI89ACC', NULL, '(416) 802-4077', '2201 Finch Ave W, Suite 3', 'Toronto', 'M9M 2Y9', 'ON', 'CA', NULL, 'customer', 1, NULL, NULL, NULL, 0, 1, 10, NULL, 'Epiphany Foods & Catering Serv', 113, 114, '2023-06-16 19:37:59', '2023-06-16 19:37:59'),
(373, 'Ram', 'Sooknanan', '1972243 Ontario Ltd O/A', '$2y$10$ztMYlVsh83KuHn5xv1mRPO0NDm/urS1CdciKOSQKs.byLMlt6x4ZG', 'ramsooknanan@hotmail.com', '(416) 740-2637', '963 Albion Road.', 'Toronto', 'M9V 1A6', 'ON', 'CA', NULL, 'customer', 1, NULL, NULL, NULL, 0, 1, 10, NULL, 'Westland', 113, 114, '2023-06-16 19:40:49', '2023-06-16 19:40:49'),
(374, 'shalini_kundlass', '', '2187286 Ontario Inc. O/A', '$2y$10$HfrzcJnbnrvLEBPGWmK5S.1ZIEFAqsUQx7GBNkqN/7zcK8Kop8AH2', 'shalini_kundlass@hotmail.com', '(519) 806-3336', '8-50 Rolling Hills Drive,', 'Orangeville', 'L9W 6T6', 'ON', 'CA', NULL, 'customer', 1, NULL, NULL, NULL, 0, 1, 10, NULL, 'Mahadia Shawarma', 113, NULL, '2023-06-16 19:42:57', '2023-06-16 19:42:57'),
(375, 'ginaharb', '', '2231524 Ontario Inc O/A', '$2y$10$ZSax2i7QTspw226.g4A3S.bGIGcA6gWj289e5zF5Ad5eDGDlF4pOG', 'ginaharb@hotmail.com', '(519) 941-4769', '633432 Hwy #10,', 'Mono', 'L9W 5P3', 'AB', 'CA', NULL, 'customer', 1, NULL, NULL, NULL, 0, 1, 10, NULL, 'Nifty Nook Restaurant', 113, 114, '2023-06-16 19:45:21', '2023-06-16 19:45:21'),
(376, 'Urmela', 'Singh', '2302776 Ontario Inc. o/a', '$2y$10$RYZiCL5lXuTQkjpa7I6J6O8ZJjJutBUTH9ssMZk2UpVHDzIiXpXUe', NULL, '(416) 244-9713', '9025 Torbram Rd,', 'Brampton', 'L6S 3L2', 'AB', 'CA', NULL, 'customer', 1, NULL, NULL, NULL, NULL, 1, 3, NULL, 'Jas Supermarket', 113, 114, '2023-06-16 19:47:25', '2023-06-20 20:08:20'),
(377, 'N/A', '', '2435333 Ont Inc. O/A', '$2y$10$L.pn9sMTIHXJGXLsQI6LOO/4xMQkT1.Q8DwTKnCvMQq0RPXYXC.xy', NULL, '(905) 440-4632', '595 King St E', 'Oshawa', 'L1H 1G3', 'ON', 'CA', NULL, 'customer', 1, NULL, NULL, NULL, 0, 1, 3, NULL, 'One Love Caribbean Groceries', 113, 114, '2023-06-16 19:52:45', '2023-06-16 19:52:45'),
(378, 'Amin', '', '2536077 Ontarion Inc o/a', '$2y$10$fMBiH1m4EyqXcVu0oqgLTuKk3PlDv0p4tq.gTp2S2c09TVxf69CU6', 'admin@epicpita.com', '(416) 838-6052', '15 Ashby Field Road #14,', 'Brampton', 'L6X 0R3', 'ON', 'CA', NULL, 'customer', 1, NULL, NULL, NULL, 0, 1, 10, NULL, 'Epic Pita', 113, 114, '2023-06-16 19:54:50', '2023-06-16 19:54:50'),
(379, 'Danisha', '', '2693108 Ontario Inc. o/b', '$2y$10$lxtgqumHJbNFMJxZoy/ofuEOriUYBykcFTehrf87t1mGSKU7AL6Hy', NULL, '(647) 640-2764', '1642 Jane St,', 'York', 'M9N 2R9', 'ON', 'CA', NULL, 'customer', 1, NULL, NULL, NULL, 0, 1, 10, NULL, 'Sohan West Indian Superma', 113, 114, '2023-06-16 19:56:40', '2023-06-16 19:56:40'),
(380, 'Marc-Andre', 'Le', '9272-6876 Quebec Inc.', '$2y$10$Cr1TpzwmYTuQ06jFLT04cuWFSqlPw9gEWV.AWM/tifkJBNJCJiBvi', 'marcandrelesage@gmail.com', '(450) 275-1640', '101 Rue Joseph Dubois,', 'St Jerome', 'J7Y 4W6', 'QU', 'CA', NULL, 'customer', 1, NULL, NULL, NULL, 0, 1, 10, NULL, '9272-6876 Quebec Inc.', 113, 114, '2023-06-16 19:59:47', '2023-06-16 19:59:47'),
(382, 'ShopRite', '', 'ShopRite', '$2y$10$pm5YFPy4RHwabx45jOVCO.8ISVPSED/Mc7sg4Gbw00R1VatdSU9Fa', NULL, '(416) 742-6333', '2687 Kipling Ave,', 'Toronto', 'M9V 5G6', 'ON', 'CA', NULL, 'customer', 1, NULL, NULL, NULL, 0, 1, 3, NULL, 'shoprite supermarket African s', 113, NULL, '2024-09-13 11:24:08', '2024-09-13 11:24:08'),
(383, 'Atwima', 'Marfo', 'Atwima Marfo Enterprises', '$2y$10$HBneMkIo2tBjw6YvLVgS5upiGyPNbsoYe1Bq1zuuk4PHx/sKUkOfe', NULL, '(647) 425-5068', '28 Nelson Street Scarborough, Ontario M1J 2V3', NULL, 'M1J 2V3', 'AB', 'CA', NULL, 'customer', 1, NULL, NULL, NULL, 0, 1, 10, NULL, '1689595 Ontario Inc 0/a Atwima', 113, NULL, '2024-09-13 14:55:53', '2024-09-13 14:55:53');

-- --------------------------------------------------------

--
-- Table structure for table `user_types`
--

CREATE TABLE `user_types` (
  `id` int(11) NOT NULL,
  `name` varchar(50) NOT NULL,
  `slug` varchar(50) NOT NULL,
  `status` tinyint(1) NOT NULL,
  `created_at` datetime NOT NULL,
  `updated_at` datetime NOT NULL
) ENGINE=InnoDB DEFAULT CHARSET=utf8mb4 COLLATE=utf8mb4_unicode_ci;

--
-- Dumping data for table `user_types`
--

INSERT INTO `user_types` (`id`, `name`, `slug`, `status`, `created_at`, `updated_at`) VALUES
(1, 'Customer', 'customer', 1, '2020-10-26 18:23:33', '2020-10-26 18:23:33'),
(2, 'Sales Representative', 'sales-representative', 1, '2020-10-26 18:23:33', '2020-10-26 18:23:33'),
(3, 'Driver', 'driver', 1, '2020-10-26 18:25:21', '2020-10-26 18:25:21'),
(4, 'Manager', 'manager', 1, '2020-10-26 18:25:21', '2020-10-26 18:25:21'),
(5, 'Customer Service', 'customer-service', 1, '2020-10-26 18:25:21', '2020-10-26 18:25:21'),
(6, 'Order Taker', 'order-taker', 1, '2020-10-26 18:25:21', '2020-10-26 18:25:21'),
(7, 'Other', 'other', 1, '2020-10-26 18:25:21', '2020-10-26 18:25:21'),
(8, 'Contact', 'contact', 1, '2020-10-26 18:25:21', '2020-10-26 18:25:21');

-- --------------------------------------------------------

--
-- Table structure for table `warehouses`
--

CREATE TABLE `warehouses` (
  `id` int(11) NOT NULL,
  `name` varchar(20) NOT NULL,
  `address` varchar(150) DEFAULT NULL,
  `city` varchar(50) DEFAULT NULL,
  `postalcode` varchar(7) DEFAULT NULL,
  `province` varchar(2) DEFAULT NULL,
  `phone` varchar(15) DEFAULT NULL,
  `status` tinyint(1) NOT NULL DEFAULT 0,
  `created_at` datetime NOT NULL,
  `updated_at` datetime NOT NULL
) ENGINE=InnoDB DEFAULT CHARSET=utf8mb4 COLLATE=utf8mb4_unicode_ci;

--
-- Dumping data for table `warehouses`
--

INSERT INTO `warehouses` (`id`, `name`, `address`, `city`, `postalcode`, `province`, `phone`, `status`, `created_at`, `updated_at`) VALUES
(1, 'Warehouse', NULL, NULL, NULL, NULL, NULL, 1, '2021-09-17 03:28:09', '2021-09-17 03:28:09');

-- --------------------------------------------------------

--
-- Table structure for table `weights`
--

CREATE TABLE `weights` (
  `id` int(11) NOT NULL,
  `name` varchar(25) NOT NULL,
  `code` varchar(10) NOT NULL,
  `value` float NOT NULL DEFAULT 1,
  `base` tinyint(1) NOT NULL DEFAULT 0,
  `created_at` datetime NOT NULL,
  `updated_at` datetime NOT NULL
) ENGINE=MyISAM DEFAULT CHARSET=utf8mb4 COLLATE=utf8mb4_unicode_ci;

--
-- Dumping data for table `weights`
--

INSERT INTO `weights` (`id`, `name`, `code`, `value`, `base`, `created_at`, `updated_at`) VALUES
(1, 'Kilogram', 'kg', 1, 1, '2021-09-29 12:20:32', '2023-04-04 14:47:06'),
(2, 'Pound', 'lb', 0.453, 0, '2021-09-29 12:20:32', '2023-04-04 14:47:06');

--
-- Indexes for dumped tables
--

--
-- Indexes for table `accounts`
--
ALTER TABLE `accounts`
  ADD PRIMARY KEY (`id`);

--
-- Indexes for table `addresses`
--
ALTER TABLE `addresses`
  ADD PRIMARY KEY (`id`);

--
-- Indexes for table `categories`
--
ALTER TABLE `categories`
  ADD PRIMARY KEY (`id`);

--
-- Indexes for table `customer_price`
--
ALTER TABLE `customer_price`
  ADD PRIMARY KEY (`id`);

--
-- Indexes for table `customer_types`
--
ALTER TABLE `customer_types`
  ADD PRIMARY KEY (`id`);

--
-- Indexes for table `emails`
--
ALTER TABLE `emails`
  ADD PRIMARY KEY (`id`);

--
-- Indexes for table `failed_jobs`
--
ALTER TABLE `failed_jobs`
  ADD PRIMARY KEY (`id`);

--
-- Indexes for table `inventories`
--
ALTER TABLE `inventories`
  ADD PRIMARY KEY (`id`);

--
-- Indexes for table `inventory_products`
--
ALTER TABLE `inventory_products`
  ADD PRIMARY KEY (`id`);

--
-- Indexes for table `invoices`
--
ALTER TABLE `invoices`
  ADD PRIMARY KEY (`id`);

--
-- Indexes for table `messages`
--
ALTER TABLE `messages`
  ADD PRIMARY KEY (`id`);

--
-- Indexes for table `migrations`
--
ALTER TABLE `migrations`
  ADD PRIMARY KEY (`id`);

--
-- Indexes for table `model_has_permissions`
--
ALTER TABLE `model_has_permissions`
  ADD PRIMARY KEY (`permission_id`,`model_id`,`model_type`),
  ADD KEY `model_has_permissions_model_id_model_type_index` (`model_id`,`model_type`);

--
-- Indexes for table `model_has_roles`
--
ALTER TABLE `model_has_roles`
  ADD PRIMARY KEY (`role_id`,`model_id`,`model_type`),
  ADD KEY `model_has_roles_model_id_model_type_index` (`model_id`,`model_type`);

--
-- Indexes for table `orders`
--
ALTER TABLE `orders`
  ADD PRIMARY KEY (`id`);

--
-- Indexes for table `order_items`
--
ALTER TABLE `order_items`
  ADD PRIMARY KEY (`id`);

--
-- Indexes for table `order_payments`
--
ALTER TABLE `order_payments`
  ADD PRIMARY KEY (`id`);

--
-- Indexes for table `order_statuses`
--
ALTER TABLE `order_statuses`
  ADD PRIMARY KEY (`id`);

--
-- Indexes for table `password_resets`
--
ALTER TABLE `password_resets`
  ADD KEY `password_resets_email_index` (`email`(191));

--
-- Indexes for table `payment_methods`
--
ALTER TABLE `payment_methods`
  ADD PRIMARY KEY (`id`);

--
-- Indexes for table `payment_terms`
--
ALTER TABLE `payment_terms`
  ADD PRIMARY KEY (`id`);

--
-- Indexes for table `permissions`
--
ALTER TABLE `permissions`
  ADD PRIMARY KEY (`id`);

--
-- Indexes for table `products`
--
ALTER TABLE `products`
  ADD PRIMARY KEY (`id`);

--
-- Indexes for table `provinces`
--
ALTER TABLE `provinces`
  ADD PRIMARY KEY (`id`);

--
-- Indexes for table `roles`
--
ALTER TABLE `roles`
  ADD PRIMARY KEY (`id`);

--
-- Indexes for table `role_has_permissions`
--
ALTER TABLE `role_has_permissions`
  ADD PRIMARY KEY (`permission_id`,`role_id`),
  ADD KEY `role_has_permissions_role_id_foreign` (`role_id`);

--
-- Indexes for table `routes`
--
ALTER TABLE `routes`
  ADD PRIMARY KEY (`id`);

--
-- Indexes for table `runsheets`
--
ALTER TABLE `runsheets`
  ADD PRIMARY KEY (`id`);

--
-- Indexes for table `settings`
--
ALTER TABLE `settings`
  ADD PRIMARY KEY (`id`);

--
-- Indexes for table `stocks`
--
ALTER TABLE `stocks`
  ADD PRIMARY KEY (`id`);

--
-- Indexes for table `units`
--
ALTER TABLE `units`
  ADD PRIMARY KEY (`id`);

--
-- Indexes for table `unit_types`
--
ALTER TABLE `unit_types`
  ADD PRIMARY KEY (`id`);

--
-- Indexes for table `users`
--
ALTER TABLE `users`
  ADD PRIMARY KEY (`id`),
  ADD UNIQUE KEY `users_username_unique` (`username`);

--
-- Indexes for table `user_types`
--
ALTER TABLE `user_types`
  ADD PRIMARY KEY (`id`);

--
-- Indexes for table `warehouses`
--
ALTER TABLE `warehouses`
  ADD PRIMARY KEY (`id`);

--
-- Indexes for table `weights`
--
ALTER TABLE `weights`
  ADD PRIMARY KEY (`id`);

--
-- AUTO_INCREMENT for dumped tables
--

--
-- AUTO_INCREMENT for table `accounts`
--
ALTER TABLE `accounts`
  MODIFY `id` int(11) NOT NULL AUTO_INCREMENT, AUTO_INCREMENT=266;

--
-- AUTO_INCREMENT for table `addresses`
--
ALTER TABLE `addresses`
  MODIFY `id` int(10) NOT NULL AUTO_INCREMENT, AUTO_INCREMENT=57;

--
-- AUTO_INCREMENT for table `categories`
--
ALTER TABLE `categories`
  MODIFY `id` int(11) NOT NULL AUTO_INCREMENT, AUTO_INCREMENT=11;

--
-- AUTO_INCREMENT for table `customer_price`
--
ALTER TABLE `customer_price`
  MODIFY `id` int(10) NOT NULL AUTO_INCREMENT, AUTO_INCREMENT=37;

--
-- AUTO_INCREMENT for table `customer_types`
--
ALTER TABLE `customer_types`
  MODIFY `id` int(11) NOT NULL AUTO_INCREMENT, AUTO_INCREMENT=11;

--
-- AUTO_INCREMENT for table `emails`
--
ALTER TABLE `emails`
  MODIFY `id` int(11) NOT NULL AUTO_INCREMENT;

--
-- AUTO_INCREMENT for table `failed_jobs`
--
ALTER TABLE `failed_jobs`
  MODIFY `id` bigint(20) UNSIGNED NOT NULL AUTO_INCREMENT;

--
-- AUTO_INCREMENT for table `inventories`
--
ALTER TABLE `inventories`
  MODIFY `id` int(11) NOT NULL AUTO_INCREMENT;

--
-- AUTO_INCREMENT for table `inventory_products`
--
ALTER TABLE `inventory_products`
  MODIFY `id` int(11) NOT NULL AUTO_INCREMENT;

--
-- AUTO_INCREMENT for table `invoices`
--
ALTER TABLE `invoices`
  MODIFY `id` int(10) NOT NULL AUTO_INCREMENT, AUTO_INCREMENT=15;

--
-- AUTO_INCREMENT for table `messages`
--
ALTER TABLE `messages`
  MODIFY `id` int(11) NOT NULL AUTO_INCREMENT, AUTO_INCREMENT=4;

--
-- AUTO_INCREMENT for table `migrations`
--
ALTER TABLE `migrations`
  MODIFY `id` int(10) UNSIGNED NOT NULL AUTO_INCREMENT, AUTO_INCREMENT=39;

--
-- AUTO_INCREMENT for table `orders`
--
ALTER TABLE `orders`
  MODIFY `id` int(11) NOT NULL AUTO_INCREMENT, AUTO_INCREMENT=23;

--
-- AUTO_INCREMENT for table `order_items`
--
ALTER TABLE `order_items`
  MODIFY `id` int(11) NOT NULL AUTO_INCREMENT, AUTO_INCREMENT=32;

--
-- AUTO_INCREMENT for table `order_payments`
--
ALTER TABLE `order_payments`
  MODIFY `id` int(11) NOT NULL AUTO_INCREMENT, AUTO_INCREMENT=8;

--
-- AUTO_INCREMENT for table `order_statuses`
--
ALTER TABLE `order_statuses`
  MODIFY `id` int(11) NOT NULL AUTO_INCREMENT, AUTO_INCREMENT=11;

--
-- AUTO_INCREMENT for table `payment_methods`
--
ALTER TABLE `payment_methods`
  MODIFY `id` int(11) NOT NULL AUTO_INCREMENT, AUTO_INCREMENT=4;

--
-- AUTO_INCREMENT for table `payment_terms`
--
ALTER TABLE `payment_terms`
  MODIFY `id` int(11) NOT NULL AUTO_INCREMENT, AUTO_INCREMENT=4;

--
-- AUTO_INCREMENT for table `permissions`
--
ALTER TABLE `permissions`
  MODIFY `id` bigint(20) UNSIGNED NOT NULL AUTO_INCREMENT, AUTO_INCREMENT=54;

--
-- AUTO_INCREMENT for table `products`
--
ALTER TABLE `products`
  MODIFY `id` int(11) NOT NULL AUTO_INCREMENT, AUTO_INCREMENT=91;

--
-- AUTO_INCREMENT for table `provinces`
--
ALTER TABLE `provinces`
  MODIFY `id` int(11) NOT NULL AUTO_INCREMENT, AUTO_INCREMENT=12;

--
-- AUTO_INCREMENT for table `roles`
--
ALTER TABLE `roles`
  MODIFY `id` bigint(20) UNSIGNED NOT NULL AUTO_INCREMENT, AUTO_INCREMENT=13;

--
-- AUTO_INCREMENT for table `routes`
--
ALTER TABLE `routes`
  MODIFY `id` int(11) NOT NULL AUTO_INCREMENT, AUTO_INCREMENT=5;

--
-- AUTO_INCREMENT for table `runsheets`
--
ALTER TABLE `runsheets`
  MODIFY `id` int(11) NOT NULL AUTO_INCREMENT, AUTO_INCREMENT=13;

--
-- AUTO_INCREMENT for table `settings`
--
ALTER TABLE `settings`
  MODIFY `id` int(11) NOT NULL AUTO_INCREMENT, AUTO_INCREMENT=2;

--
-- AUTO_INCREMENT for table `stocks`
--
ALTER TABLE `stocks`
  MODIFY `id` int(11) NOT NULL AUTO_INCREMENT, AUTO_INCREMENT=96;

--
-- AUTO_INCREMENT for table `units`
--
ALTER TABLE `units`
  MODIFY `id` int(11) NOT NULL AUTO_INCREMENT, AUTO_INCREMENT=48;

--
-- AUTO_INCREMENT for table `unit_types`
--
ALTER TABLE `unit_types`
  MODIFY `id` int(11) NOT NULL AUTO_INCREMENT, AUTO_INCREMENT=3;

--
-- AUTO_INCREMENT for table `users`
--
ALTER TABLE `users`
  MODIFY `id` bigint(20) UNSIGNED NOT NULL AUTO_INCREMENT, AUTO_INCREMENT=384;

--
-- AUTO_INCREMENT for table `user_types`
--
ALTER TABLE `user_types`
  MODIFY `id` int(11) NOT NULL AUTO_INCREMENT, AUTO_INCREMENT=9;

--
-- AUTO_INCREMENT for table `warehouses`
--
ALTER TABLE `warehouses`
  MODIFY `id` int(11) NOT NULL AUTO_INCREMENT, AUTO_INCREMENT=2;

--
-- AUTO_INCREMENT for table `weights`
--
ALTER TABLE `weights`
  MODIFY `id` int(11) NOT NULL AUTO_INCREMENT, AUTO_INCREMENT=3;

--
-- Constraints for dumped tables
--

--
-- Constraints for table `model_has_permissions`
--
ALTER TABLE `model_has_permissions`
  ADD CONSTRAINT `model_has_permissions_permission_id_foreign` FOREIGN KEY (`permission_id`) REFERENCES `permissions` (`id`) ON DELETE CASCADE;

--
-- Constraints for table `model_has_roles`
--
ALTER TABLE `model_has_roles`
  ADD CONSTRAINT `model_has_roles_role_id_foreign` FOREIGN KEY (`role_id`) REFERENCES `roles` (`id`) ON DELETE CASCADE;

--
-- Constraints for table `role_has_permissions`
--
ALTER TABLE `role_has_permissions`
  ADD CONSTRAINT `role_has_permissions_permission_id_foreign` FOREIGN KEY (`permission_id`) REFERENCES `permissions` (`id`) ON DELETE CASCADE,
  ADD CONSTRAINT `role_has_permissions_role_id_foreign` FOREIGN KEY (`role_id`) REFERENCES `roles` (`id`) ON DELETE CASCADE;
COMMIT;

/*!40101 SET CHARACTER_SET_CLIENT=@OLD_CHARACTER_SET_CLIENT */;
/*!40101 SET CHARACTER_SET_RESULTS=@OLD_CHARACTER_SET_RESULTS */;
/*!40101 SET COLLATION_CONNECTION=@OLD_COLLATION_CONNECTION */;
